Contract,Rate Card,Project Title,Job Title,Line Item Type,Qty
FNE - Cable Recovery,FNE - Copper Cable Recovery Rate Card,T2Q2 - ACT1 - Civic,1 - 601236124 - Cu 400/0.51 PIQL UA - CVIC01 c4:M1001-1400,CR-01-01-01-01 | Cable Recovery of all sizes,47.4
FNE - Cable Recovery,FNE - Copper Cable Recovery Rate Card,T2Q2 - ACT1 - Civic,2 - 601236131 - Cu 400/0.51 PIQL UA - CVIC01 c4:M1001-1400,CR-01-01-01-01 | Cable Recovery of all sizes,43.4
FNE - Cable Recovery,FNE - Copper Cable Recovery Rate Card,T2Q2 - ACT1 - Civic,3 - 601236141 - Cu 400/0.51 PIQL UA - CVIC01 c4:M1001-1400,CR-01-01-01-01 | Cable Recovery of all sizes,41.1
FNE - Cable Recovery,FNE - Copper Cable Recovery Rate Card,T2Q2 - ACT1 - Civic,4 - 601236150 - Cu 400/0.51 PIQL UA - CVIC01 c4:M1001-1400,CR-01-01-01-01 | Cable Recovery of all sizes,28.2
FNE - Cable Recovery,FNE - Copper Cable Recovery Rate Card,T2Q2 - ACT1 - Civic,5 - 601236159 - Cu 400/0.51 PIQL UA - CVIC01 c4:M1001-1400,CR-01-01-01-01 | Cable Recovery of all sizes,59.5
FNE - Cable Recovery,FNE - Copper Cable Recovery Rate Card,T2Q2 - ACT1 - Civic,6 - 601236188 - Cu 400/0.51 PIQL UA - CVIC01 c4:M1001-1400,CR-01-01-01-01 | Cable Recovery of all sizes,98.1
FNE - Cable Recovery,FNE - Copper Cable Recovery Rate Card,T2Q2 - ACT1 - Civic,7 - 601236201 - Cu 400/0.51 PIQL UA - CVIC01 c4:M1001-1400,CR-01-01-01-01 | Cable Recovery of all sizes,53.6
FNE - Cable Recovery,FNE - Copper Cable Recovery Rate Card,T2Q2 - ACT1 - Civic,8 - 601236295 - Cu 400/0.51 PIQL UA - CVIC01 c4:M1001-1400,CR-01-01-01-01 | Cable Recovery of all sizes,54.7
FNE - Cable Recovery,FNE - Copper Cable Recovery Rate Card,T2Q2 - ACT1 - Civic,9 - 601236305 - Cu 400/0.51 PIQL UA - CVIC01 c4:M1001-1400,CR-01-01-01-01 | Cable Recovery of all sizes,112.4
FNE - Cable Recovery,FNE - Copper Cable Recovery Rate Card,T2Q2 - ACT1 - Civic,10 - 601237076 - Cu 400/0.51 PIQL UA - CVIC01 c4:M1001-1400,CR-01-01-01-01 | Cable Recovery of all sizes,20.5
FNE - Cable Recovery,FNE - Copper Cable Recovery Rate Card,T2Q2 - ACT1 - Civic,11 - 601237087 - Cu 400/0.51 PIQL UA - CVIC01 c4:M1001-1400,CR-01-01-01-01 | Cable Recovery of all sizes,61
FNE - Cable Recovery,FNE - Copper Cable Recovery Rate Card,T2Q2 - ACT1 - Civic,12 - 601243766 - Cu 1000/0.40 PIUT PE - CVIC01 c81:M1-900,CR-01-01-01-01 | Cable Recovery of all sizes,91
FNE - Cable Recovery,FNE - Copper Cable Recovery Rate Card,T2Q2 - ACT1 - Civic,13 - 601243772 - Cu 1000/0.40 PIUT PE - CVIC01 c81:M1-900,CR-01-01-01-01 | Cable Recovery of all sizes,90.4
FNE - Cable Recovery,FNE - Copper Cable Recovery Rate Card,T2Q2 - ACT1 - Civic,14 - 601243790 - Cu 600/0.40 PIUT PE - CVIC01 c81:M1-500,CR-01-01-01-01 | Cable Recovery of all sizes,16.3
FNE - Cable Recovery,FNE - Copper Cable Recovery Rate Card,T2Q2 - ACT1 - Civic,15 - 601243795 - Cu 600/0.40 PIUT PE - CVIC01 c81:M1-500,CR-01-01-01-01 | Cable Recovery of all sizes,7
FNE - Cable Recovery,FNE - Copper Cable Recovery Rate Card,T2Q2 - ACT1 - Civic,16 - 601243799 - Cu 600/0.40 PIUT PE - CVIC01 c81:M1-500,CR-01-01-01-01 | Cable Recovery of all sizes,7.2
FNE - Cable Recovery,FNE - Copper Cable Recovery Rate Card,T2Q2 - ACT1 - Civic,17 - 601243803 - Cu 600/0.40 PIUT PE - CVIC01 c81:M1-500,CR-01-01-01-01 | Cable Recovery of all sizes,114.3
FNE - Cable Recovery,FNE - Copper Cable Recovery Rate Card,T2Q2 - ACT1 - Civic,18 - 601271618 - Cu 1400/0.51 PIQL PE - CVIC01 c18:M1-1400,CR-01-01-01-01 | Cable Recovery of all sizes,49.9
FNE - Cable Recovery,FNE - Copper Cable Recovery Rate Card,T2Q2 - ACT1 - Civic,18 - 601271624 - Cu 1200/0.64 PIQL PE - CVIC01 c38:M1-1200,CR-01-01-01-01 | Cable Recovery of all sizes,49.9
FNE - Cable Recovery,FNE - Copper Cable Recovery Rate Card,T2Q2 - ACT1 - Civic,18 - 601271620 - Cu 1200/0.64 PIQL PE - CVIC01 c45:M1-1200,CR-01-01-01-01 | Cable Recovery of all sizes,49.9
FNE - Cable Recovery,FNE - Copper Cable Recovery Rate Card,T2Q2 - ACT1 - Civic,18 - 601271616 - Cu 1400/0.51 PIQL UA - CVIC01 c16:M1-1400,CR-01-01-01-01 | Cable Recovery of all sizes,49.9
FNE - Cable Recovery,FNE - Copper Cable Recovery Rate Card,T2Q2 - ACT1 - Civic,19 - 601271783 - Cu 1400/0.51 PIQL PE - CVIC01 c18:M1-1400,CR-01-01-01-01 | Cable Recovery of all sizes,70.1
FNE - Cable Recovery,FNE - Copper Cable Recovery Rate Card,T2Q2 - ACT1 - Civic,19 - 601271785 - Cu 1200/0.64 PIQL PE - CVIC01 c38:M1-1200,CR-01-01-01-01 | Cable Recovery of all sizes,70.1
FNE - Cable Recovery,FNE - Copper Cable Recovery Rate Card,T2Q2 - ACT1 - Civic,19 - 601271781 - Cu 1400/0.51 PIQL UA - CVIC01 c16:M1-1400,CR-01-01-01-01 | Cable Recovery of all sizes,70.1
FNE - Cable Recovery,FNE - Copper Cable Recovery Rate Card,T2Q2 - ACT1 - Civic,20 - 601271843 - Cu 1400/0.51 PIQL PE - CVIC01 c18:M1-1400,CR-01-01-01-01 | Cable Recovery of all sizes,27.6
FNE - Cable Recovery,FNE - Copper Cable Recovery Rate Card,T2Q2 - ACT1 - Civic,20 - 601271845 - Cu 1200/0.64 PIQL PE - CVIC01 c38:M1-1200,CR-01-01-01-01 | Cable Recovery of all sizes,27.6
FNE - Cable Recovery,FNE - Copper Cable Recovery Rate Card,T2Q2 - ACT1 - Civic,20 - 601271841 - Cu 1400/0.51 PIQL UA - CVIC01 c16:M1-1400,CR-01-01-01-01 | Cable Recovery of all sizes,27.6
FNE - Cable Recovery,FNE - Copper Cable Recovery Rate Card,T2Q2 - ACT1 - Civic,21 - 601271886 - Cu 1400/0.51 PIQL PE - CVIC01 c18:M1-1400,CR-01-01-01-01 | Cable Recovery of all sizes,67.3
FNE - Cable Recovery,FNE - Copper Cable Recovery Rate Card,T2Q2 - ACT1 - Civic,21 - 601271885 - Cu 1200/0.64 PIQL PE - CVIC01 c38:M1-1200,CR-01-01-01-01 | Cable Recovery of all sizes,67.3
FNE - Cable Recovery,FNE - Copper Cable Recovery Rate Card,T2Q2 - ACT1 - Civic,21 - 601271879 - Cu 1400/0.51 PIQL UA - CVIC01 c16:M1-1400,CR-01-01-01-01 | Cable Recovery of all sizes,67.3
FNE - Cable Recovery,FNE - Copper Cable Recovery Rate Card,T2Q2 - ACT1 - Civic,22 - 601271908 - Cu 1400/0.51 PIQL PE - CVIC01 c18:M1-1400,CR-01-01-01-01 | Cable Recovery of all sizes,47.2
FNE - Cable Recovery,FNE - Copper Cable Recovery Rate Card,T2Q2 - ACT1 - Civic,22 - 601271907 - Cu 1200/0.64 PIQL PE - CVIC01 c38:M1-1200,CR-01-01-01-01 | Cable Recovery of all sizes,47.2
FNE - Cable Recovery,FNE - Copper Cable Recovery Rate Card,T2Q2 - ACT1 - Civic,22 - 601271901 - Cu 1400/0.51 PIQL UA - CVIC01 c16:M1-1400,CR-01-01-01-01 | Cable Recovery of all sizes,47.2
FNE - Cable Recovery,FNE - Copper Cable Recovery Rate Card,T2Q2 - ACT1 - Civic,23 - 601271922 - Cu 1400/0.51 PIQL PE - CVIC01 c18:M1-1400,CR-01-01-01-01 | Cable Recovery of all sizes,18.6
FNE - Cable Recovery,FNE - Copper Cable Recovery Rate Card,T2Q2 - ACT1 - Civic,23 - 601271921 - Cu 1200/0.64 PIQL PE - CVIC01 c38:M1-1200,CR-01-01-01-01 | Cable Recovery of all sizes,18.6
FNE - Cable Recovery,FNE - Copper Cable Recovery Rate Card,T2Q2 - ACT1 - Civic,23 - 601271915 - Cu 1400/0.51 PIQL UA - CVIC01 c16:M1-1400,CR-01-01-01-01 | Cable Recovery of all sizes,18.6
FNE - Cable Recovery,FNE - Copper Cable Recovery Rate Card,T2Q2 - ACT1 - Civic,24 - 601272310 - Cu 1800/0.51 PIQL UA - CVIC01 c4:M1-1800,CR-01-01-01-01 | Cable Recovery of all sizes,60
FNE - Cable Recovery,FNE - Copper Cable Recovery Rate Card,T2Q2 - ACT1 - Civic,25 - 601272526 - Cu 800/0.51 PIQL UA - CVIC01 c4:M1001-1800,CR-01-01-01-01 | Cable Recovery of all sizes,31.8
FNE - Cable Recovery,FNE - Copper Cable Recovery Rate Card,T2Q2 - ACT1 - Civic,25 - 601272525 - Cu 1000/0.51 PIUT PE - CVIC01 c4:M1-1000,CR-01-01-01-01 | Cable Recovery of all sizes,31.8
FNE - Cable Recovery,FNE - Copper Cable Recovery Rate Card,T2Q2 - ACT1 - Civic,26 - 601272610 - Cu 800/0.51 PIQL UA - CVIC01 c4:M1001-1800,CR-01-01-01-01 | Cable Recovery of all sizes,15.1
FNE - Cable Recovery,FNE - Copper Cable Recovery Rate Card,T2Q2 - ACT1 - Civic,26 - 601272609 - Cu 1000/0.51 PIUT PE - CVIC01 c4:M1-1000,CR-01-01-01-01 | Cable Recovery of all sizes,15.1
FNE - Cable Recovery,FNE - Copper Cable Recovery Rate Card,T2Q2 - ACT1 - Civic,27 - 601272668 - Cu 1200/0.64 PIQL PE - CVIC01 c38:M1-700 CVIC01 c38:M922-923 CVIC01 c38:M1101-1200,CR-01-01-01-01 | Cable Recovery of all sizes,19.7
FNE - Cable Recovery,FNE - Copper Cable Recovery Rate Card,T2Q2 - ACT1 - Civic,28 - 601272677 - Cu 1200/0.64 PIQL PE - CVIC01 c38:M1-700 CVIC01 c38:M922-923 CVIC01 c38:M1101-1200,CR-01-01-01-01 | Cable Recovery of all sizes,42.9
FNE - Cable Recovery,FNE - Copper Cable Recovery Rate Card,T2Q2 - ACT1 - Civic,29 - 601272686 - Cu 1200/0.64 PIQL PE - CVIC01 c38:M1-700 CVIC01 c38:M922-923 CVIC01 c38:M1101-1200,CR-01-01-01-01 | Cable Recovery of all sizes,52.8
FNE - Cable Recovery,FNE - Copper Cable Recovery Rate Card,T2Q2 - ACT1 - Civic,30 - 601272695 - Cu 1200/0.64 PIQL PE - CVIC01 c38:M1-700 CVIC01 c38:M922-923 CVIC01 c38:M1101-1200,CR-01-01-01-01 | Cable Recovery of all sizes,46.1
FNE - Cable Recovery,FNE - Copper Cable Recovery Rate Card,T2Q2 - ACT1 - Civic,31 - 601279354 - Cu 1000/0.40 PIUT PE - CVIC01 c81:M1-900,CR-01-01-01-01 | Cable Recovery of all sizes,25.3
FNE - Cable Recovery,FNE - Copper Cable Recovery Rate Card,T2Q2 - ACT1 - Civic,32 - 601279363 - Cu 1000/0.40 PIUT PE - CVIC01 c81:M1-900,CR-01-01-01-01 | Cable Recovery of all sizes,86.7
FNE - Cable Recovery,FNE - Copper Cable Recovery Rate Card,T2Q2 - ACT1 - Civic,33 - 601280754 - Cu 1200/0.64 PIQL PE - CVIC01 c45:M1-1200,CR-01-01-01-01 | Cable Recovery of all sizes,32.4
FNE - Cable Recovery,FNE - Copper Cable Recovery Rate Card,T2Q2 - ACT1 - Civic,34 - 601280815 - Cu 1200/0.64 PIQL PE - CVIC01 c45:M1-1200,CR-01-01-01-01 | Cable Recovery of all sizes,105.9
FNE - Cable Recovery,FNE - Copper Cable Recovery Rate Card,T2Q2 - ACT1 - Civic,35 - 601280835 - Cu 1200/0.64 PIQL PE - CVIC01 c45:M1-1200,CR-01-01-01-01 | Cable Recovery of all sizes,62.1
FNE - Cable Recovery,FNE - Copper Cable Recovery Rate Card,T2Q2 - ACT1 - Civic,36 - 601283295 - Cu 1200/0.64 PIQL PE - CVIC01 c38:M1-700 CVIC01 c38:M922-923 CVIC01 c38:M1101-1200,CR-01-01-01-01 | Cable Recovery of all sizes,133.4
FNE - Cable Recovery,FNE - Copper Cable Recovery Rate Card,T2Q2 - ACT1 - Civic,37 - 601283320 - Cu 1200/0.64 PIQL PE - CVIC01 c38:M1-1200,CR-01-01-01-01 | Cable Recovery of all sizes,16.2
FNE - Cable Recovery,FNE - Copper Cable Recovery Rate Card,T2Q2 - ACT1 - Civic,38 - 601283327 - Cu 1200/0.64 PIQL PE - CVIC01 c38:M1-1200,CR-01-01-01-01 | Cable Recovery of all sizes,101.2
FNE - Cable Recovery,FNE - Copper Cable Recovery Rate Card,T2Q2 - ACT1 - Civic,39 - 601283456 - Cu 1200/0.64 PIQL PE - CVIC01 c38:M1-1200,CR-01-01-01-01 | Cable Recovery of all sizes,76
FNE - Cable Recovery,FNE - Copper Cable Recovery Rate Card,T2Q2 - ACT1 - Civic,40 - 601283470 - Cu 1200/0.64 PIQL PE - CVIC01 c38:M1-1200,CR-01-01-01-01 | Cable Recovery of all sizes,80
FNE - Cable Recovery,FNE - Copper Cable Recovery Rate Card,T2Q2 - ACT1 - Civic,41 - 601283479 - Cu 1200/0.64 PIQL PE - CVIC01 c38:M1-1200,CR-01-01-01-01 | Cable Recovery of all sizes,68.1
FNE - Cable Recovery,FNE - Copper Cable Recovery Rate Card,T2Q2 - ACT1 - Civic,42 - 601284858 - Cu 600/0.51 PIQL PE - CVIC01 c18:M1-600,CR-01-01-01-01 | Cable Recovery of all sizes,84.5
FNE - Cable Recovery,FNE - Copper Cable Recovery Rate Card,T2Q2 - ACT1 - Civic,42 - 601284855 - Cu 1400/0.51 PIQL UA - CVIC01 c16:M1-1400,CR-01-01-01-01 | Cable Recovery of all sizes,84.5
FNE - Cable Recovery,FNE - Copper Cable Recovery Rate Card,T2Q2 - ACT1 - Civic,43 - 601284863 - Cu 600/0.51 PIQL PE - CVIC01 c18:M1-600,CR-01-01-01-01 | Cable Recovery of all sizes,75.3
FNE - Cable Recovery,FNE - Copper Cable Recovery Rate Card,T2Q2 - ACT1 - Civic,43 - 601284860 - Cu 1400/0.51 PIQL UA - CVIC01 c16:M1-1400,CR-01-01-01-01 | Cable Recovery of all sizes,75.3
FNE - Cable Recovery,FNE - Copper Cable Recovery Rate Card,T2Q2 - ACT1 - Civic,44 - 601285295 - Cu 1200/0.64 PIQL PE - CVIC01 c38:M1-1200,CR-01-01-01-01 | Cable Recovery of all sizes,72.6
FNE - Cable Recovery,FNE - Copper Cable Recovery Rate Card,T2Q2 - ACT1 - Civic,45 - 601285394 - Cu 1400/0.51 PIQL PE - CVIC01 c18:M1-1400,CR-01-01-01-01 | Cable Recovery of all sizes,102.1
FNE - Cable Recovery,FNE - Copper Cable Recovery Rate Card,T2Q2 - ACT1 - Civic,45 - 601285389 - Cu 1200/0.64 PIQL PE - CVIC01 c38:M1-1200,CR-01-01-01-01 | Cable Recovery of all sizes,102.1
FNE - Cable Recovery,FNE - Copper Cable Recovery Rate Card,T2Q2 - ACT1 - Civic,45 - 601285387 - Cu 1400/0.51 PIQL UA - CVIC01 c16:M1-1400,CR-01-01-01-01 | Cable Recovery of all sizes,102.1
FNE - Cable Recovery,FNE - Copper Cable Recovery Rate Card,T2Q2 - ACT1 - Civic,46 - 601285415 - Cu 1200/0.64 PIQL PE - CVIC01 c38:M1-1200,CR-01-01-01-01 | Cable Recovery of all sizes,13.7
FNE - Cable Recovery,FNE - Copper Cable Recovery Rate Card,T2Q2 - ACT1 - Civic,47 - 601285426 - Cu 1200/0.64 PIQL PE - CVIC01 c38:M1-1200,CR-01-01-01-01 | Cable Recovery of all sizes,37.8
FNE - Cable Recovery,FNE - Copper Cable Recovery Rate Card,T2Q2 - ACT1 - Civic,48 - 601285461 - Cu 1400/0.51 PIQL PE - CVIC01 c18:M1-1400,CR-01-01-01-01 | Cable Recovery of all sizes,43.8
FNE - Cable Recovery,FNE - Copper Cable Recovery Rate Card,T2Q2 - ACT1 - Civic,48 - 601285458 - Cu 1400/0.51 PIQL UA - CVIC01 c16:M1-1400,CR-01-01-01-01 | Cable Recovery of all sizes,43.8
FNE - Cable Recovery,FNE - Copper Cable Recovery Rate Card,T2Q2 - ACT1 - Civic,49 - 601285513 - Cu 1200/0.64 PIQL PE - CVIC01 c38:M1-1200,CR-01-01-01-01 | Cable Recovery of all sizes,34.2
FNE - Cable Recovery,FNE - Copper Cable Recovery Rate Card,T2Q2 - ACT1 - Civic,50 - 601285574 - Cu 1200/0.64 PIQL PE - CVIC01 c38:M1-1200,CR-01-01-01-01 | Cable Recovery of all sizes,77
FNE - Cable Recovery,FNE - Copper Cable Recovery Rate Card,T2Q2 - ACT1 - Civic,51 - 601287107 - Cu 1400/0.51 PIQL PE - CVIC01 c18:M1-1400,CR-01-01-01-01 | Cable Recovery of all sizes,99
FNE - Cable Recovery,FNE - Copper Cable Recovery Rate Card,T2Q2 - ACT1 - Civic,51 - 601287102 - Cu 1200/0.64 PIQL PE - CVIC01 c38:M1-1200,CR-01-01-01-01 | Cable Recovery of all sizes,99
FNE - Cable Recovery,FNE - Copper Cable Recovery Rate Card,T2Q2 - ACT1 - Civic,51 - 601287100 - Cu 1400/0.51 PIQL UA - CVIC01 c16:M1-1400,CR-01-01-01-01 | Cable Recovery of all sizes,99
FNE - Cable Recovery,FNE - Copper Cable Recovery Rate Card,T2Q2 - ACT1 - Civic,52 - 601287128 - Cu 1400/0.51 PIQL PE - CVIC01 c18:M1-1400,CR-01-01-01-01 | Cable Recovery of all sizes,90.1
FNE - Cable Recovery,FNE - Copper Cable Recovery Rate Card,T2Q2 - ACT1 - Civic,52 - 601287123 - Cu 1200/0.64 PIQL PE - CVIC01 c38:M1-1200,CR-01-01-01-01 | Cable Recovery of all sizes,90.1
FNE - Cable Recovery,FNE - Copper Cable Recovery Rate Card,T2Q2 - ACT1 - Civic,52 - 601287121 - Cu 1400/0.51 PIQL UA - CVIC01 c16:M1-1400,CR-01-01-01-01 | Cable Recovery of all sizes,90.1
FNE - Cable Recovery,FNE - Copper Cable Recovery Rate Card,T2Q2 - ACT1 - Civic,53 - 601289751 - Cu 1800/0.40 PIUT PE - CVIC01 c81:M1-1800,CR-01-01-01-01 | Cable Recovery of all sizes,78.2
FNE - Cable Recovery,FNE - Copper Cable Recovery Rate Card,T2Q2 - ACT1 - Civic,53 - 601289746 - Cu 1200/0.64 PIUT PE - CVIC01 c47:M1-1200,CR-01-01-01-01 | Cable Recovery of all sizes,78.2
FNE - Cable Recovery,FNE - Copper Cable Recovery Rate Card,T2Q2 - ACT1 - Civic,54 - 601289770 - Cu 1000/0.40 PIUT PE - CVIC01 c81:M1-1000,CR-01-01-01-01 | Cable Recovery of all sizes,19.4
FNE - Cable Recovery,FNE - Copper Cable Recovery Rate Card,T2Q2 - ACT1 - Civic,54 - 601289773 - Cu 1200/0.64 PIUT PE - CVIC01 c47:M1-1200,CR-01-01-01-01 | Cable Recovery of all sizes,19.4
FNE - Cable Recovery,FNE - Copper Cable Recovery Rate Card,T2Q2 - ACT1 - Civic,55 - 601289823 - Cu 1000/0.40 PIUT PE - CVIC01 c81:M1-1000,CR-01-01-01-01 | Cable Recovery of all sizes,18.6
FNE - Cable Recovery,FNE - Copper Cable Recovery Rate Card,T2Q2 - ACT1 - Civic,55 - 601289826 - Cu 1200/0.64 PIUT PE - CVIC01 c47:M1-1200,CR-01-01-01-01 | Cable Recovery of all sizes,18.6
FNE - Cable Recovery,FNE - Copper Cable Recovery Rate Card,T2Q2 - ACT1 - Civic,56 - 601289784 - Cu 1000/0.40 PIUT PE - CVIC01 c81:M1-1000,CR-01-01-01-01 | Cable Recovery of all sizes,62.3
FNE - Cable Recovery,FNE - Copper Cable Recovery Rate Card,T2Q2 - ACT1 - Civic,56 - 601289787 - Cu 1200/0.64 PIUT PE - CVIC01 c47:M1-1200,CR-01-01-01-01 | Cable Recovery of all sizes,62.3
FNE - Cable Recovery,FNE - Copper Cable Recovery Rate Card,T2Q2 - ACT1 - Civic,57 - 601290225 - Cu 600/0.40 CPIUT MB - CVIC01 c81:M1601-1800 400DEAD,CR-01-01-01-01 | Cable Recovery of all sizes,7.3
FNE - Cable Recovery,FNE - Copper Cable Recovery Rate Card,T2Q2 - ACT1 - Civic,58 - 601290238 - Cu 600/0.40 CPIUT MB - CVIC01 c81:M1601-1800 400DEAD,CR-01-01-01-01 | Cable Recovery of all sizes,45.2
FNE - Cable Recovery,FNE - Copper Cable Recovery Rate Card,T2Q2 - ACT1 - Civic,59 - 601290424 - Cu 1800/0.40 PIUT PE - CVIC01 c81:M1-1800,CR-01-01-01-01 | Cable Recovery of all sizes,27.2
FNE - Cable Recovery,FNE - Copper Cable Recovery Rate Card,T2Q2 - ACT1 - Civic,59 - 601290423 - Cu 1200/0.64 PIUT PE - CVIC01 c47:M1-1200,CR-01-01-01-01 | Cable Recovery of all sizes,27.2
FNE - Cable Recovery,FNE - Copper Cable Recovery Rate Card,T2Q2 - ACT1 - Civic,60 - 601291754 - Cu 1800/0.40 PIUT PE - CVIC01 c81:M1-1800,CR-01-01-01-01 | Cable Recovery of all sizes,83.1
FNE - Cable Recovery,FNE - Copper Cable Recovery Rate Card,T2Q2 - ACT1 - Civic,60 - 601291753 - Cu 1200/0.64 PIUT PE - CVIC01 c47:M1-1200,CR-01-01-01-01 | Cable Recovery of all sizes,83.1
FNE - Cable Recovery,FNE - Copper Cable Recovery Rate Card,T2Q2 - ACT1 - Civic,61 - 601291973 - Cu 800/0.51 PIQL UA - CVIC01 c4:M1001-1800,CR-01-01-01-01 | Cable Recovery of all sizes,23.1
FNE - Cable Recovery,FNE - Copper Cable Recovery Rate Card,T2Q2 - ACT1 - Civic,62 - 601272599 - Cu 800/0.51 PIQL UA - CVIC01 c4:M1001-1800,CR-01-01-01-01 | Cable Recovery of all sizes,57.5
FNE - Cable Recovery,FNE - Copper Cable Recovery Rate Card,T2Q2 - ACT1 - Civic,62 - 601272598 - Cu 1000/0.51 PIUT PE - CVIC01 c4:M1-1000,CR-01-01-01-01 | Cable Recovery of all sizes,57.5
FNE - Cable Recovery,FNE - Copper Cable Recovery Rate Card,T2Q2 - ACT1 - Civic,63 - 601292325 - Cu 400/0.51 PIUT PE - CVIC01 c4:M1-400,CR-01-01-01-01 | Cable Recovery of all sizes,25.8
FNE - Cable Recovery,FNE - Copper Cable Recovery Rate Card,T2Q2 - ACT1 - Civic,63 - 601292323 - Cu 600/0.51 PIUT PE - CVIC01 c4:M401-1000,CR-01-01-01-01 | Cable Recovery of all sizes,25.8
FNE - Cable Recovery,FNE - Copper Cable Recovery Rate Card,T2Q2 - ACT1 - Civic,64 - 601295583 - Cu 1200/0.64 PIQL PE - CVIC01 c45:M1-1200,CR-01-01-01-01 | Cable Recovery of all sizes,61.5
FNE - Cable Recovery,FNE - Copper Cable Recovery Rate Card,T2Q2 - ACT1 - Civic,65 - 601295649 - Cu 1200/0.64 PIQL PE - CVIC01 c45:M1-1200,CR-01-01-01-01 | Cable Recovery of all sizes,75.6
FNE - Cable Recovery,FNE - Copper Cable Recovery Rate Card,T2Q2 - ACT1 - Civic,66 - 601295711 - Cu 1200/0.64 PIQL PE - CVIC01 c45:M1-1200,CR-01-01-01-01 | Cable Recovery of all sizes,52.9
FNE - Cable Recovery,FNE - Copper Cable Recovery Rate Card,T2Q2 - ACT1 - Civic,67 - 601295734 - Cu 1200/0.64 PIQL PE - CVIC01 c45:M1-1200,CR-01-01-01-01 | Cable Recovery of all sizes,35.7
FNE - Cable Recovery,FNE - Copper Cable Recovery Rate Card,T2Q2 - ACT1 - Civic,68 - 601295752 - Cu 1200/0.64 PIQL PE - CVIC01 c45:M1-1200,CR-01-01-01-01 | Cable Recovery of all sizes,65.3
FNE - Cable Recovery,FNE - Copper Cable Recovery Rate Card,T2Q2 - ACT1 - Civic,69 - 601298665 - Cu 1000/0.40 PIUT PE - CVIC01 c81:M1-1000,CR-01-01-01-01 | Cable Recovery of all sizes,93
FNE - Cable Recovery,FNE - Copper Cable Recovery Rate Card,T2Q2 - ACT1 - Civic,69 - 601298674 - Cu 1200/0.64 PIUT PE - CVIC01 c47:M1-1200,CR-01-01-01-01 | Cable Recovery of all sizes,93
FNE - Cable Recovery,FNE - Copper Cable Recovery Rate Card,T2Q2 - ACT1 - Civic,70 - 601298686 - Cu 1000/0.40 PIUT PE - CVIC01 c81:M1-1000,CR-01-01-01-01 | Cable Recovery of all sizes,59.3
FNE - Cable Recovery,FNE - Copper Cable Recovery Rate Card,T2Q2 - ACT1 - Civic,70 - 601298694 - Cu 1200/0.64 PIUT PE - CVIC01 c47:M1-1200,CR-01-01-01-01 | Cable Recovery of all sizes,59.3
FNE - Cable Recovery,FNE - Copper Cable Recovery Rate Card,T2Q2 - ACT1 - Civic,71 - 601298708 - Cu 1000/0.40 PIUT PE - CVIC01 c81:M1-1000,CR-01-01-01-01 | Cable Recovery of all sizes,25.1
FNE - Cable Recovery,FNE - Copper Cable Recovery Rate Card,T2Q2 - ACT1 - Civic,71 - 601298714 - Cu 1200/0.64 PIUT PE - CVIC01 c47:M1-1200,CR-01-01-01-01 | Cable Recovery of all sizes,25.1
FNE - Cable Recovery,FNE - Copper Cable Recovery Rate Card,T2Q2 - ACT1 - Civic,72 - 601298726 - Cu 1000/0.40 PIUT PE - CVIC01 c81:M1-1000,CR-01-01-01-01 | Cable Recovery of all sizes,110.4
FNE - Cable Recovery,FNE - Copper Cable Recovery Rate Card,T2Q2 - ACT1 - Civic,72 - 601298727 - Cu 1200/0.64 PIUT PE - CVIC01 c47:M1-1200,CR-01-01-01-01 | Cable Recovery of all sizes,110.4
FNE - Cable Recovery,FNE - Copper Cable Recovery Rate Card,T2Q2 - ACT1 - Civic,73 - 601298740 - Cu 1000/0.40 PIUT PE - CVIC01 c81:M1-1000,CR-01-01-01-01 | Cable Recovery of all sizes,9
FNE - Cable Recovery,FNE - Copper Cable Recovery Rate Card,T2Q2 - ACT1 - Civic,73 - 601298741 - Cu 1200/0.64 PIUT PE - CVIC01 c47:M1-1200,CR-01-01-01-01 | Cable Recovery of all sizes,9
FNE - Cable Recovery,FNE - Copper Cable Recovery Rate Card,T2Q2 - ACT1 - Civic,74 - 601298754 - Cu 1000/0.40 PIUT PE - CVIC01 c81:M1-1000,CR-01-01-01-01 | Cable Recovery of all sizes,49.1
FNE - Cable Recovery,FNE - Copper Cable Recovery Rate Card,T2Q2 - ACT1 - Civic,74 - 601298755 - Cu 1200/0.64 PIUT PE - CVIC01 c47:M1-1200,CR-01-01-01-01 | Cable Recovery of all sizes,49.1
FNE - Cable Recovery,FNE - Copper Cable Recovery Rate Card,T2Q2 - ACT1 - Civic,75 - 601298769 - Cu 1000/0.40 PIUT PE - CVIC01 c81:M1-1000,CR-01-01-01-01 | Cable Recovery of all sizes,5.2
FNE - Cable Recovery,FNE - Copper Cable Recovery Rate Card,T2Q2 - ACT1 - Civic,75 - 601298770 - Cu 1200/0.64 PIUT PE - CVIC01 c47:M1-1200,CR-01-01-01-01 | Cable Recovery of all sizes,5.2
FNE - Cable Recovery,FNE - Copper Cable Recovery Rate Card,T2Q2 - ACT1 - Civic,76 - 601298782 - Cu 1000/0.40 PIUT PE - CVIC01 c81:M1-1000,CR-01-01-01-01 | Cable Recovery of all sizes,38.1
FNE - Cable Recovery,FNE - Copper Cable Recovery Rate Card,T2Q2 - ACT1 - Civic,76 - 601298783 - Cu 1200/0.64 PIUT PE - CVIC01 c47:M1-1200,CR-01-01-01-01 | Cable Recovery of all sizes,38.1
FNE - Cable Recovery,FNE - Copper Cable Recovery Rate Card,T2Q2 - ACT1 - Civic,77 - 601298795 - Cu 1000/0.40 PIUT PE - CVIC01 c81:M1-1000,CR-01-01-01-01 | Cable Recovery of all sizes,69.1
FNE - Cable Recovery,FNE - Copper Cable Recovery Rate Card,T2Q2 - ACT1 - Civic,77 - 601298796 - Cu 1200/0.64 PIUT PE - CVIC01 c47:M1-1200,CR-01-01-01-01 | Cable Recovery of all sizes,69.1
FNE - Cable Recovery,FNE - Copper Cable Recovery Rate Card,T2Q2 - ACT1 - Civic,78 - 601298910 - Cu 1000/0.40 PIUT PE - CVIC01 c81:M1-1000,CR-01-01-01-01 | Cable Recovery of all sizes,16.8
FNE - Cable Recovery,FNE - Copper Cable Recovery Rate Card,T2Q2 - ACT1 - Civic,79 - 601303650 - Cu 1200/0.64 PIUT PE - CVIC01 c47:M1-1200,CR-01-01-01-01 | Cable Recovery of all sizes,66.8
FNE - Cable Recovery,FNE - Copper Cable Recovery Rate Card,T2Q2 - ACT1 - Civic,80 - 601303662 - Cu 1200/0.64 PIUT PE - CVIC01 c47:M1-1200,CR-01-01-01-01 | Cable Recovery of all sizes,28.1
FNE - Cable Recovery,FNE - Copper Cable Recovery Rate Card,T2Q2 - ACT1 - Civic,81 - 601303674 - Cu 1200/0.64 PIUT PE - CVIC01 c47:M1-1200,CR-01-01-01-01 | Cable Recovery of all sizes,99.6
FNE - Cable Recovery,FNE - Copper Cable Recovery Rate Card,T2Q2 - ACT1 - Civic,82 - 15002240226 - Cu 600/0.51 PIUT PE - CVIC01 c4:M401-1000,CR-01-01-01-01 | Cable Recovery of all sizes,61.3
FNE - Cable Recovery,FNE - Copper Cable Recovery Rate Card,T2Q2 - ACT1 - Civic,82 - 15002240220 - Cu 400/0.51 PIUT PE - CVIC01 c4:M1-400,CR-01-01-01-01 | Cable Recovery of all sizes,61.3
FNE - Cable Recovery,FNE - Copper Cable Recovery Rate Card,T2Q2 - ACT1 - Civic,83 - 601232670 - Cu 600/0.51 PIUT PE - CVIC01 c16:M1-600,CR-01-01-01-01 | Cable Recovery of all sizes,81.9
FNE - Cable Recovery,FNE - Copper Cable Recovery Rate Card,T2Q2 - ACT1 - Civic,84 - 601232658 - Cu 600/0.51 PIUT PE - CVIC01 c16:M1-600,CR-01-01-01-01 | Cable Recovery of all sizes,54.7
FNE - Cable Recovery,FNE - Copper Cable Recovery Rate Card,T2Q2 - ACT1 - Civic,85 - 15039650105 - Cu 1200/0.64 PIQL PE - CVIC01 c38:M1-1200,CR-01-01-01-01 | Cable Recovery of all sizes,28.7
FNE - Cable Recovery,FNE - Copper Cable Recovery Rate Card,T2Q2 - ACT1 - Civic,86 - 601284880 - Cu 600/0.51 PIQL PE - CVIC01 c18:M1-600,CR-01-01-01-01 | Cable Recovery of all sizes,67.5
FNE - Cable Recovery,FNE - Copper Cable Recovery Rate Card,T2Q2 - ACT1 - Civic,86 - 601284877 - Cu 1400/0.51 PIQL UA - CVIC01 c16:M1-1400,CR-01-01-01-01 | Cable Recovery of all sizes,67.5
FNE - Cable Recovery,FNE - Copper Cable Recovery Rate Card,T2Q2 - ACT1 - Civic,87 - 601272760 - Cu 600/0.51 PIQL PE - CVIC01 c18:M1-600,CR-01-01-01-01 | Cable Recovery of all sizes,24.4
FNE - Cable Recovery,FNE - Copper Cable Recovery Rate Card,T2Q2 - ACT1 - Civic,87 - 601272757 - Cu 1400/0.51 PIQL UA - CVIC01 c16:M1-1400,CR-01-01-01-01 | Cable Recovery of all sizes,24.4
FNE - Cable Recovery,FNE - Copper Cable Recovery Rate Card,T2Q2 - ACT1 - Civic,88 - 15042726268 - Cu 1000/0.40 PIUT PE - CVIC01 c81:M1-1000,CR-01-01-01-01 | Cable Recovery of all sizes,73.1
FNE - Cable Recovery,FNE - Copper Cable Recovery Rate Card,T2Q2 - ACT1 - Civic,88 - 15042726249 - Cu 1200/0.64 PIUT PE - CVIC01 c47:M1-1200,CR-01-01-01-01 | Cable Recovery of all sizes,73.1
FNE - Cable Recovery,FNE - Copper Cable Recovery Rate Card,T2Q2 - ACT1 - Civic,89 - 15049382630 - Cu 1000/0.40 PIUT PE - CVIC01 c81:M1-1000,CR-01-01-01-01 | Cable Recovery of all sizes,25.6
FNE - Cable Recovery,FNE - Copper Cable Recovery Rate Card,T2Q2 - ACT1 - Civic,89 - 15049382632 - Cu 1200/0.64 PIUT PE - CVIC01 c47:M1-1200,CR-01-01-01-01 | Cable Recovery of all sizes,25.6
FNE - Cable Recovery,FNE - Copper Cable Recovery Rate Card,T2Q2 - ACT1 - Civic,90 - 601231584 - Cu 600/0.51 PIUT PE - CVIC01 c16:M1-600,CR-01-01-01-01 | Cable Recovery of all sizes,99.3
FNE - Cable Recovery,FNE - Copper Cable Recovery Rate Card,T2Q2 - ACT1 - Civic,91 - 601231590 - Cu 600/0.51 PIUT PE - CVIC01 c16:M1-600,CR-01-01-01-01 | Cable Recovery of all sizes,84
FNE - Cable Recovery,FNE - Copper Cable Recovery Rate Card,T2Q2 - ACT1 - Civic,92 - 601231596 - Cu 600/0.51 PIUT PE - CVIC01 c16:M1-600,CR-01-01-01-01 | Cable Recovery of all sizes,66
FNE - Cable Recovery,FNE - Copper Cable Recovery Rate Card,T2Q2 - ACT1 - Civic,93 - 601231601 - Cu 600/0.51 PIUT PE - CVIC01 c16:M1-600,CR-01-01-01-01 | Cable Recovery of all sizes,49
FNE - Cable Recovery,FNE - Copper Cable Recovery Rate Card,T2Q2 - ACT1 - Civic,94 - 601232640 - Cu 600/0.51 PIUT PE - CVIC01 c16:M1-600,CR-01-01-01-01 | Cable Recovery of all sizes,53.4
FNE - Cable Recovery,FNE - Copper Cable Recovery Rate Card,T2Q2 - ACT1 - Civic,95 - 601232664 - Cu 600/0.51 PIUT PE - CVIC01 c16:M1-600,CR-01-01-01-01 | Cable Recovery of all sizes,110.7
FNE - Cable Recovery,FNE - Copper Cable Recovery Rate Card,T2Q2 - ACT1 - Civic,96 - 601232685 - Cu 600/0.51 PIQL PE - CVIC01 c18:M1-600,CR-01-01-01-01 | Cable Recovery of all sizes,31.6
FNE - Cable Recovery,FNE - Copper Cable Recovery Rate Card,T2Q2 - ACT1 - Civic,96 - 601232684 - Cu 600/0.51 PIUT PE - CVIC01 c16:M801-1200,CR-01-01-01-01 | Cable Recovery of all sizes,31.6
FNE - Cable Recovery,FNE - Copper Cable Recovery Rate Card,T2Q2 - ACT1 - Civic,97 - 601232695 - Cu 600/0.51 PIQL PE - CVIC01 c18:M1-600,CR-01-01-01-01 | Cable Recovery of all sizes,41
FNE - Cable Recovery,FNE - Copper Cable Recovery Rate Card,T2Q2 - ACT1 - Civic,97 - 601232694 - Cu 600/0.51 PIUT PE - CVIC01 c16:M801-1200,CR-01-01-01-01 | Cable Recovery of all sizes,41
FNE - Cable Recovery,FNE - Copper Cable Recovery Rate Card,T2Q2 - ACT1 - Civic,98 - 601236205 - Cu 400/0.51 PIQL UA - CVIC01 c4:M1001-1400,CR-01-01-01-01 | Cable Recovery of all sizes,59.8
FNE - Cable Recovery,FNE - Copper Cable Recovery Rate Card,T2Q2 - ACT1 - Civic,99 - 601236208 - Cu 400/0.51 PIQL UA - CVIC01 c4:M1001-1400,CR-01-01-01-01 | Cable Recovery of all sizes,99
FNE - Cable Recovery,FNE - Copper Cable Recovery Rate Card,T2Q2 - ACT1 - Civic,100 - 601236355 - Cu 800/0.51 PIQL UA - CVIC01 c16:M601-1400,CR-01-01-01-01 | Cable Recovery of all sizes,8.4
FNE - Cable Recovery,FNE - Copper Cable Recovery Rate Card,T2Q2 - ACT1 - Civic,100 - 601236357 - Cu 600/0.51 PIQL PE - CVIC01 c18:M1-600,CR-01-01-01-01 | Cable Recovery of all sizes,8.4
FNE - Cable Recovery,FNE - Copper Cable Recovery Rate Card,T2Q2 - ACT1 - Civic,100 - 601145170 - Cu 600/0.51 PIUT PE - CVIC01 c16:M1-600,CR-01-01-01-01 | Cable Recovery of all sizes,8.4
FNE - Cable Recovery,FNE - Copper Cable Recovery Rate Card,T2Q2 - ACT1 - Civic,101 - 601236366 - Cu 800/0.51 PIQL UA - CVIC01 c16:M601-1400,CR-01-01-01-01 | Cable Recovery of all sizes,13.1
FNE - Cable Recovery,FNE - Copper Cable Recovery Rate Card,T2Q2 - ACT1 - Civic,101 - 601236364 - Cu 600/0.51 PIQL PE - CVIC01 c18:M1-600,CR-01-01-01-01 | Cable Recovery of all sizes,13.1
FNE - Cable Recovery,FNE - Copper Cable Recovery Rate Card,T2Q2 - ACT1 - Civic,101 - 601145172 - Cu 600/0.51 PIUT PE - CVIC01 c16:M1-600,CR-01-01-01-01 | Cable Recovery of all sizes,13.1
FNE - Cable Recovery,FNE - Copper Cable Recovery Rate Card,T2Q2 - ACT1 - Civic,102 - 601236372 - Cu 800/0.51 PIQL UA - CVIC01 c16:M601-1400,CR-01-01-01-01 | Cable Recovery of all sizes,8.6
FNE - Cable Recovery,FNE - Copper Cable Recovery Rate Card,T2Q2 - ACT1 - Civic,102 - 601236370 - Cu 600/0.51 PIQL PE - CVIC01 c18:M1-600,CR-01-01-01-01 | Cable Recovery of all sizes,8.6
FNE - Cable Recovery,FNE - Copper Cable Recovery Rate Card,T2Q2 - ACT1 - Civic,102 - 601145176 - Cu 600/0.51 PIUT PE - CVIC01 c16:M1-600,CR-01-01-01-01 | Cable Recovery of all sizes,8.6
FNE - Cable Recovery,FNE - Copper Cable Recovery Rate Card,T2Q2 - ACT1 - Civic,103 - 601236406 - Cu 800/0.51 PIQL UA - CVIC01 c16:M601-1400,CR-01-01-01-01 | Cable Recovery of all sizes,62
FNE - Cable Recovery,FNE - Copper Cable Recovery Rate Card,T2Q2 - ACT1 - Civic,103 - 601236407 - Cu 600/0.51 PIQL PE - CVIC01 c18:M1-600,CR-01-01-01-01 | Cable Recovery of all sizes,62
FNE - Cable Recovery,FNE - Copper Cable Recovery Rate Card,T2Q2 - ACT1 - Civic,103 - 601145103 - Cu 600/0.51 PIUT PE - CVIC01 c16:M1-600,CR-01-01-01-01 | Cable Recovery of all sizes,62
FNE - Cable Recovery,FNE - Copper Cable Recovery Rate Card,T2Q2 - ACT1 - Civic,104 - 601237369 - Cu 800/0.51 PIQL UA - CVIC01 c16:M601-1400,CR-01-01-01-01 | Cable Recovery of all sizes,119
FNE - Cable Recovery,FNE - Copper Cable Recovery Rate Card,T2Q2 - ACT1 - Civic,104 - 601237370 - Cu 600/0.51 PIQL PE - CVIC01 c18:M1-600,CR-01-01-01-01 | Cable Recovery of all sizes,119
FNE - Cable Recovery,FNE - Copper Cable Recovery Rate Card,T2Q2 - ACT1 - Civic,104 - 601145085 - Cu 600/0.51 PIUT PE - CVIC01 c16:M1-600,CR-01-01-01-01 | Cable Recovery of all sizes,119
FNE - Cable Recovery,FNE - Copper Cable Recovery Rate Card,T2Q2 - ACT1 - Civic,105 - 601237381 - Cu 800/0.51 PIQL UA - CVIC01 c16:M601-1400,CR-01-01-01-01 | Cable Recovery of all sizes,118.8
FNE - Cable Recovery,FNE - Copper Cable Recovery Rate Card,T2Q2 - ACT1 - Civic,105 - 601237380 - Cu 600/0.51 PIQL PE - CVIC01 c18:M1-600,CR-01-01-01-01 | Cable Recovery of all sizes,118.8
FNE - Cable Recovery,FNE - Copper Cable Recovery Rate Card,T2Q2 - ACT1 - Civic,105 - 601145089 - Cu 600/0.51 PIUT PE - CVIC01 c16:M1-600,CR-01-01-01-01 | Cable Recovery of all sizes,118.8
FNE - Cable Recovery,FNE - Copper Cable Recovery Rate Card,T2Q2 - ACT1 - Civic,106 - 601237390 - Cu 800/0.51 PIQL UA - CVIC01 c16:M601-1400,CR-01-01-01-01 | Cable Recovery of all sizes,111.4
FNE - Cable Recovery,FNE - Copper Cable Recovery Rate Card,T2Q2 - ACT1 - Civic,106 - 601237389 - Cu 600/0.51 PIQL PE - CVIC01 c18:M1-600,CR-01-01-01-01 | Cable Recovery of all sizes,111.4
FNE - Cable Recovery,FNE - Copper Cable Recovery Rate Card,T2Q2 - ACT1 - Civic,106 - 601145099 - Cu 600/0.51 PIUT PE - CVIC01 c16:M1-600,CR-01-01-01-01 | Cable Recovery of all sizes,111.4
FNE - Cable Recovery,FNE - Copper Cable Recovery Rate Card,T2Q2 - ACT1 - Civic,107 - 601237647 - Cu 800/0.51 PIQL UA - CVIC01 c16:M601-1400,CR-01-01-01-01 | Cable Recovery of all sizes,121.8
FNE - Cable Recovery,FNE - Copper Cable Recovery Rate Card,T2Q2 - ACT1 - Civic,107 - 601237649 - Cu 600/0.51 PIQL PE - CVIC01 c18:M1-600,CR-01-01-01-01 | Cable Recovery of all sizes,121.8
FNE - Cable Recovery,FNE - Copper Cable Recovery Rate Card,T2Q2 - ACT1 - Civic,107 - 601237646 - Cu 600/0.51 PIUT PE - CVIC01 c16:M1-600,CR-01-01-01-01 | Cable Recovery of all sizes,121.8
FNE - Cable Recovery,FNE - Copper Cable Recovery Rate Card,T2Q2 - ACT1 - Civic,108 - 601237660 - Cu 800/0.51 PIQL UA - CVIC01 c16:M601-1400,CR-01-01-01-01 | Cable Recovery of all sizes,104.4
FNE - Cable Recovery,FNE - Copper Cable Recovery Rate Card,T2Q2 - ACT1 - Civic,108 - 601237662 - Cu 600/0.51 PIQL PE - CVIC01 c18:M1-600,CR-01-01-01-01 | Cable Recovery of all sizes,104.4
FNE - Cable Recovery,FNE - Copper Cable Recovery Rate Card,T2Q2 - ACT1 - Civic,108 - 601237659 - Cu 600/0.51 PIUT PE - CVIC01 c16:M1-600,CR-01-01-01-01 | Cable Recovery of all sizes,104.4
FNE - Cable Recovery,FNE - Copper Cable Recovery Rate Card,T2Q2 - ACT1 - Civic,109 - 601237665 - Cu 800/0.51 PIQL UA - CVIC01 c16:M601-1400,CR-01-01-01-01 | Cable Recovery of all sizes,120.4
FNE - Cable Recovery,FNE - Copper Cable Recovery Rate Card,T2Q2 - ACT1 - Civic,109 - 601237667 - Cu 600/0.51 PIQL PE - CVIC01 c18:M1-600,CR-01-01-01-01 | Cable Recovery of all sizes,120.4
FNE - Cable Recovery,FNE - Copper Cable Recovery Rate Card,T2Q2 - ACT1 - Civic,109 - 601237664 - Cu 600/0.51 PIUT PE - CVIC01 c16:M1-600,CR-01-01-01-01 | Cable Recovery of all sizes,120.4
FNE - Cable Recovery,FNE - Copper Cable Recovery Rate Card,T2Q2 - ACT1 - Civic,110 - 601237670 - Cu 800/0.51 PIQL UA - CVIC01 c16:M601-1400,CR-01-01-01-01 | Cable Recovery of all sizes,105.3
FNE - Cable Recovery,FNE - Copper Cable Recovery Rate Card,T2Q2 - ACT1 - Civic,110 - 601237672 - Cu 600/0.51 PIQL PE - CVIC01 c18:M1-600,CR-01-01-01-01 | Cable Recovery of all sizes,105.3
FNE - Cable Recovery,FNE - Copper Cable Recovery Rate Card,T2Q2 - ACT1 - Civic,110 - 601237669 - Cu 600/0.51 PIUT PE - CVIC01 c16:M1-600,CR-01-01-01-01 | Cable Recovery of all sizes,105.3
FNE - Cable Recovery,FNE - Copper Cable Recovery Rate Card,T2Q2 - ACT1 - Civic,111 - 601237688 - Cu 600/0.51 PIQL PE - CVIC01 c18:M1-600,CR-01-01-01-01 | Cable Recovery of all sizes,123.4
FNE - Cable Recovery,FNE - Copper Cable Recovery Rate Card,T2Q2 - ACT1 - Civic,111 - 601237685 - Cu 1400/0.51 PIQL UA - CVIC01 c16:M1-1400,CR-01-01-01-01 | Cable Recovery of all sizes,123.4
FNE - Cable Recovery,FNE - Copper Cable Recovery Rate Card,T2Q2 - ACT1 - Civic,112 - 601243778 - Cu 1000/0.40 PIUT PE - CVIC01 c81:M1-900,CR-01-01-01-01 | Cable Recovery of all sizes,178.6
FNE - Cable Recovery,FNE - Copper Cable Recovery Rate Card,T2Q2 - ACT1 - Civic,113 - 601255084 - Cu 400/0.51 PIUT PE - CVIC01 c4:M1-400,CR-01-01-01-01 | Cable Recovery of all sizes,78.9
FNE - Cable Recovery,FNE - Copper Cable Recovery Rate Card,T2Q2 - ACT1 - Civic,114 - 601260350 - Cu 600/0.51 PIQL UA - CVIC01 c4:M1001-1600,CR-01-01-01-01 | Cable Recovery of all sizes,27
FNE - Cable Recovery,FNE - Copper Cable Recovery Rate Card,T2Q2 - ACT1 - Civic,115 - 601260358 - Cu 600/0.51 PIQL UA - CVIC01 c4:M1001-1600,CR-01-01-01-01 | Cable Recovery of all sizes,59
FNE - Cable Recovery,FNE - Copper Cable Recovery Rate Card,T2Q2 - ACT1 - Civic,116 - 601260361 - Cu 600/0.51 PIQL UA - CVIC01 c4:M1001-1600,CR-01-01-01-01 | Cable Recovery of all sizes,49.6
FNE - Cable Recovery,FNE - Copper Cable Recovery Rate Card,T2Q2 - ACT1 - Civic,117 - 601261622 - Cu 600/0.51 PIQL UA - CVIC01 c4:M1001-1600,CR-01-01-01-01 | Cable Recovery of all sizes,67
FNE - Cable Recovery,FNE - Copper Cable Recovery Rate Card,T2Q2 - ACT1 - Civic,118 - 601261631 - Cu 600/0.51 PIQL UA - CVIC01 c4:M1001-1600,CR-01-01-01-01 | Cable Recovery of all sizes,70
FNE - Cable Recovery,FNE - Copper Cable Recovery Rate Card,T2Q2 - ACT1 - Civic,119 - 601261839 - Cu 600/0.51 PIQL UA - CVIC01 c4:M1001-1600,CR-01-01-01-01 | Cable Recovery of all sizes,91.5
FNE - Cable Recovery,FNE - Copper Cable Recovery Rate Card,T2Q2 - ACT1 - Civic,120 - 601261842 - Cu 600/0.51 PIQL UA - CVIC01 c4:M1001-1600,CR-01-01-01-01 | Cable Recovery of all sizes,58.1
FNE - Cable Recovery,FNE - Copper Cable Recovery Rate Card,T2Q2 - ACT1 - Civic,121 - 601262289 - Cu 600/0.51 PIQL UA - CVIC01 c4:M1001-1600,CR-01-01-01-01 | Cable Recovery of all sizes,46.5
FNE - Cable Recovery,FNE - Copper Cable Recovery Rate Card,T2Q2 - ACT1 - Civic,122 - 15032989632 - Cu 800/0.51 PIQL UA - CVIC01 c4:M1001-1800,CR-01-01-01-01 | Cable Recovery of all sizes,93.2
FNE - Cable Recovery,FNE - Copper Cable Recovery Rate Card,T2Q2 - ACT1 - Civic,123 - 601272767 - Cu 600/0.51 PIQL PE - CVIC01 c18:M1-600,CR-01-01-01-01 | Cable Recovery of all sizes,61
FNE - Cable Recovery,FNE - Copper Cable Recovery Rate Card,T2Q2 - ACT1 - Civic,123 - 601272764 - Cu 1400/0.51 PIQL UA - CVIC01 c16:M1-1400,CR-01-01-01-01 | Cable Recovery of all sizes,61
FNE - Cable Recovery,FNE - Copper Cable Recovery Rate Card,T2Q2 - ACT1 - Civic,124 - 601272772 - Cu 600/0.51 PIQL PE - CVIC01 c18:M1-600,CR-01-01-01-01 | Cable Recovery of all sizes,19.5
FNE - Cable Recovery,FNE - Copper Cable Recovery Rate Card,T2Q2 - ACT1 - Civic,124 - 601272769 - Cu 1400/0.51 PIQL UA - CVIC01 c16:M1-1400,CR-01-01-01-01 | Cable Recovery of all sizes,19.5
FNE - Cable Recovery,FNE - Copper Cable Recovery Rate Card,T2Q2 - ACT1 - Civic,125 - 601272777 - Cu 600/0.51 PIQL PE - CVIC01 c18:M1-600,CR-01-01-01-01 | Cable Recovery of all sizes,69.3
FNE - Cable Recovery,FNE - Copper Cable Recovery Rate Card,T2Q2 - ACT1 - Civic,125 - 601272774 - Cu 1400/0.51 PIQL UA - CVIC01 c16:M1-1400,CR-01-01-01-01 | Cable Recovery of all sizes,69.3
FNE - Cable Recovery,FNE - Copper Cable Recovery Rate Card,T2Q2 - ACT1 - Civic,126 - 601272782 - Cu 600/0.51 PIQL PE - CVIC01 c18:M1-600,CR-01-01-01-01 | Cable Recovery of all sizes,31.9
FNE - Cable Recovery,FNE - Copper Cable Recovery Rate Card,T2Q2 - ACT1 - Civic,126 - 601272779 - Cu 1400/0.51 PIQL UA - CVIC01 c16:M1-1400,CR-01-01-01-01 | Cable Recovery of all sizes,31.9
FNE - Cable Recovery,FNE - Copper Cable Recovery Rate Card,T2Q2 - ACT1 - Civic,127 - 601272974 - Cu 600/0.51 PIQL PE - CVIC01 c18:M1-600,CR-01-01-01-01 | Cable Recovery of all sizes,64.6
FNE - Cable Recovery,FNE - Copper Cable Recovery Rate Card,T2Q2 - ACT1 - Civic,127 - 601272973 - Cu 1400/0.51 PIQL UA - CVIC01 c16:M1-1400,CR-01-01-01-01 | Cable Recovery of all sizes,64.6
FNE - Cable Recovery,FNE - Copper Cable Recovery Rate Card,T2Q2 - ACT1 - Civic,128 - 601273323 - Cu 600/0.51 PIQL PE - CVIC01 c18:M1-600,CR-01-01-01-01 | Cable Recovery of all sizes,100.7
FNE - Cable Recovery,FNE - Copper Cable Recovery Rate Card,T2Q2 - ACT1 - Civic,128 - 601273320 - Cu 1400/0.51 PIQL UA - CVIC01 c16:M1-1400,CR-01-01-01-01 | Cable Recovery of all sizes,100.7
FNE - Cable Recovery,FNE - Copper Cable Recovery Rate Card,T2Q2 - ACT1 - Civic,129 - 601273329 - Cu 600/0.51 PIQL PE - CVIC01 c18:M1-600,CR-01-01-01-01 | Cable Recovery of all sizes,61.1
FNE - Cable Recovery,FNE - Copper Cable Recovery Rate Card,T2Q2 - ACT1 - Civic,129 - 601273326 - Cu 1400/0.51 PIQL UA - CVIC01 c16:M1-1400,CR-01-01-01-01 | Cable Recovery of all sizes,61.1
FNE - Cable Recovery,FNE - Copper Cable Recovery Rate Card,T2Q2 - ACT1 - Civic,130 - 601273334 - Cu 600/0.51 PIQL PE - CVIC01 c18:M1-600,CR-01-01-01-01 | Cable Recovery of all sizes,63.8
FNE - Cable Recovery,FNE - Copper Cable Recovery Rate Card,T2Q2 - ACT1 - Civic,130 - 601273331 - Cu 1400/0.51 PIQL UA - CVIC01 c16:M1-1400,CR-01-01-01-01 | Cable Recovery of all sizes,63.8
FNE - Cable Recovery,FNE - Copper Cable Recovery Rate Card,T2Q2 - ACT1 - Civic,131 - 601273339 - Cu 600/0.51 PIQL PE - CVIC01 c18:M1-600,CR-01-01-01-01 | Cable Recovery of all sizes,86.7
FNE - Cable Recovery,FNE - Copper Cable Recovery Rate Card,T2Q2 - ACT1 - Civic,131 - 601273336 - Cu 1400/0.51 PIQL UA - CVIC01 c16:M1-1400,CR-01-01-01-01 | Cable Recovery of all sizes,86.7
FNE - Cable Recovery,FNE - Copper Cable Recovery Rate Card,T2Q2 - ACT1 - Civic,132 - 601273346 - Cu 600/0.51 PIQL PE - CVIC01 c18:M1-600,CR-01-01-01-01 | Cable Recovery of all sizes,73.7
FNE - Cable Recovery,FNE - Copper Cable Recovery Rate Card,T2Q2 - ACT1 - Civic,132 - 601273343 - Cu 1400/0.51 PIQL UA - CVIC01 c16:M1-1400,CR-01-01-01-01 | Cable Recovery of all sizes,73.7
FNE - Cable Recovery,FNE - Copper Cable Recovery Rate Card,T2Q2 - ACT1 - Civic,133 - 601273351 - Cu 600/0.51 PIQL PE - CVIC01 c18:M1-600,CR-01-01-01-01 | Cable Recovery of all sizes,66.8
FNE - Cable Recovery,FNE - Copper Cable Recovery Rate Card,T2Q2 - ACT1 - Civic,133 - 601273348 - Cu 1400/0.51 PIQL UA - CVIC01 c16:M1-1400,CR-01-01-01-01 | Cable Recovery of all sizes,66.8
FNE - Cable Recovery,FNE - Copper Cable Recovery Rate Card,T2Q2 - ACT1 - Civic,134 - 601273356 - Cu 600/0.51 PIQL PE - CVIC01 c18:M1-600,CR-01-01-01-01 | Cable Recovery of all sizes,43
FNE - Cable Recovery,FNE - Copper Cable Recovery Rate Card,T2Q2 - ACT1 - Civic,134 - 601273353 - Cu 1400/0.51 PIQL UA - CVIC01 c16:M1-1400,CR-01-01-01-01 | Cable Recovery of all sizes,43
FNE - Cable Recovery,FNE - Copper Cable Recovery Rate Card,T2Q2 - ACT1 - Civic,135 - 601273362 - Cu 600/0.51 PIQL PE - CVIC01 c18:M1-600,CR-01-01-01-01 | Cable Recovery of all sizes,81.9
FNE - Cable Recovery,FNE - Copper Cable Recovery Rate Card,T2Q2 - ACT1 - Civic,135 - 601273359 - Cu 1400/0.51 PIQL UA - CVIC01 c16:M1-1400,CR-01-01-01-01 | Cable Recovery of all sizes,81.9
FNE - Cable Recovery,FNE - Copper Cable Recovery Rate Card,T2Q2 - ACT1 - Civic,136 - 601273369 - Cu 600/0.51 PIQL PE - CVIC01 c18:M1-600,CR-01-01-01-01 | Cable Recovery of all sizes,69.2
FNE - Cable Recovery,FNE - Copper Cable Recovery Rate Card,T2Q2 - ACT1 - Civic,136 - 601273366 - Cu 1400/0.51 PIQL UA - CVIC01 c16:M1-1400,CR-01-01-01-01 | Cable Recovery of all sizes,69.2
FNE - Cable Recovery,FNE - Copper Cable Recovery Rate Card,T2Q2 - ACT1 - Civic,137 - 601273376 - Cu 600/0.51 PIQL PE - CVIC01 c18:M1-600,CR-01-01-01-01 | Cable Recovery of all sizes,20.5
FNE - Cable Recovery,FNE - Copper Cable Recovery Rate Card,T2Q2 - ACT1 - Civic,137 - 601273373 - Cu 1400/0.51 PIQL UA - CVIC01 c16:M1-1400,CR-01-01-01-01 | Cable Recovery of all sizes,20.5
FNE - Cable Recovery,FNE - Copper Cable Recovery Rate Card,T2Q2 - ACT1 - Civic,138 - 601273381 - Cu 600/0.51 PIQL PE - CVIC01 c18:M1-600,CR-01-01-01-01 | Cable Recovery of all sizes,84
FNE - Cable Recovery,FNE - Copper Cable Recovery Rate Card,T2Q2 - ACT1 - Civic,138 - 601273378 - Cu 1400/0.51 PIQL UA - CVIC01 c16:M1-1400,CR-01-01-01-01 | Cable Recovery of all sizes,84
FNE - Cable Recovery,FNE - Copper Cable Recovery Rate Card,T2Q2 - ACT1 - Civic,139 - 601273387 - Cu 600/0.51 PIQL PE - CVIC01 c18:M1-600,CR-01-01-01-01 | Cable Recovery of all sizes,99.9
FNE - Cable Recovery,FNE - Copper Cable Recovery Rate Card,T2Q2 - ACT1 - Civic,139 - 601273384 - Cu 1400/0.51 PIQL UA - CVIC01 c16:M1-1400,CR-01-01-01-01 | Cable Recovery of all sizes,99.9
FNE - Cable Recovery,FNE - Copper Cable Recovery Rate Card,T2Q2 - ACT1 - Civic,140 - 601273392 - Cu 600/0.51 PIQL PE - CVIC01 c18:M1-600,CR-01-01-01-01 | Cable Recovery of all sizes,70.2
FNE - Cable Recovery,FNE - Copper Cable Recovery Rate Card,T2Q2 - ACT1 - Civic,140 - 601273389 - Cu 1400/0.51 PIQL UA - CVIC01 c16:M1-1400,CR-01-01-01-01 | Cable Recovery of all sizes,70.2
FNE - Cable Recovery,FNE - Copper Cable Recovery Rate Card,T2Q2 - ACT1 - Civic,141 - 601273399 - Cu 600/0.51 PIQL PE - CVIC01 c18:M1-600,CR-01-01-01-01 | Cable Recovery of all sizes,65.9
FNE - Cable Recovery,FNE - Copper Cable Recovery Rate Card,T2Q2 - ACT1 - Civic,141 - 601273396 - Cu 1400/0.51 PIQL UA - CVIC01 c16:M1-1400,CR-01-01-01-01 | Cable Recovery of all sizes,65.9
FNE - Cable Recovery,FNE - Copper Cable Recovery Rate Card,T2Q2 - ACT1 - Civic,142 - 601274375 - Cu 600/0.51 PIQL PE - CVIC01 c18:M1-600,CR-01-01-01-01 | Cable Recovery of all sizes,92.4
FNE - Cable Recovery,FNE - Copper Cable Recovery Rate Card,T2Q2 - ACT1 - Civic,142 - 601274372 - Cu 1400/0.51 PIQL UA - CVIC01 c16:M1-1400,CR-01-01-01-01 | Cable Recovery of all sizes,92.4
FNE - Cable Recovery,FNE - Copper Cable Recovery Rate Card,T2Q2 - ACT1 - Civic,143 - 601274382 - Cu 600/0.51 PIQL PE - CVIC01 c18:M1-600,CR-01-01-01-01 | Cable Recovery of all sizes,83.1
FNE - Cable Recovery,FNE - Copper Cable Recovery Rate Card,T2Q2 - ACT1 - Civic,143 - 601274381 - Cu 1400/0.51 PIQL UA - CVIC01 c16:M1-1400,CR-01-01-01-01 | Cable Recovery of all sizes,83.1
FNE - Cable Recovery,FNE - Copper Cable Recovery Rate Card,T2Q2 - ACT1 - Civic,144 - 601279166 - Cu 1000/0.40 PIUT PE - CVIC01 c81:M1-900,CR-01-01-01-01 | Cable Recovery of all sizes,103.2
FNE - Cable Recovery,FNE - Copper Cable Recovery Rate Card,T2Q2 - ACT1 - Civic,145 - 601279175 - Cu 1000/0.40 PIUT PE - CVIC01 c81:M1-900,CR-01-01-01-01 | Cable Recovery of all sizes,65.2
FNE - Cable Recovery,FNE - Copper Cable Recovery Rate Card,T2Q2 - ACT1 - Civic,146 - 601279179 - Cu 1000/0.40 PIUT PE - CVIC01 c81:M1-900,CR-01-01-01-01 | Cable Recovery of all sizes,66.5
FNE - Cable Recovery,FNE - Copper Cable Recovery Rate Card,T2Q2 - ACT1 - Civic,147 - 601279349 - Cu 1000/0.40 PIUT MB - CVIC01 c81:M1-900,CR-01-01-01-01 | Cable Recovery of all sizes,30
FNE - Cable Recovery,FNE - Copper Cable Recovery Rate Card,T2Q2 - ACT1 - Civic,148 - 601283243 - Cu 800/0.51 PIQL UA - CVIC01 c4:M1001-1800,CR-01-01-01-01 | Cable Recovery of all sizes,42.8
FNE - Cable Recovery,FNE - Copper Cable Recovery Rate Card,T2Q2 - ACT1 - Civic,149 - 601284847 - Cu 600/0.51 PIQL PE - CVIC01 c18:M1-600,CR-01-01-01-01 | Cable Recovery of all sizes,82
FNE - Cable Recovery,FNE - Copper Cable Recovery Rate Card,T2Q2 - ACT1 - Civic,149 - 601284844 - Cu 1400/0.51 PIQL UA - CVIC01 c16:M1-1400,CR-01-01-01-01 | Cable Recovery of all sizes,82
FNE - Cable Recovery,FNE - Copper Cable Recovery Rate Card,T2Q2 - ACT1 - Civic,150 - 601284868 - Cu 600/0.51 PIQL PE - CVIC01 c18:M1-600,CR-01-01-01-01 | Cable Recovery of all sizes,80.2
FNE - Cable Recovery,FNE - Copper Cable Recovery Rate Card,T2Q2 - ACT1 - Civic,150 - 601284865 - Cu 1400/0.51 PIQL UA - CVIC01 c16:M1-1400,CR-01-01-01-01 | Cable Recovery of all sizes,80.2
FNE - Cable Recovery,FNE - Copper Cable Recovery Rate Card,T2Q2 - ACT1 - Civic,151 - 601284875 - Cu 600/0.51 PIQL PE - CVIC01 c18:M1-600,CR-01-01-01-01 | Cable Recovery of all sizes,110.5
FNE - Cable Recovery,FNE - Copper Cable Recovery Rate Card,T2Q2 - ACT1 - Civic,151 - 601284872 - Cu 1400/0.51 PIQL UA - CVIC01 c16:M1-1400,CR-01-01-01-01 | Cable Recovery of all sizes,110.5
FNE - Cable Recovery,FNE - Copper Cable Recovery Rate Card,T2Q2 - ACT1 - Civic,152 - 601285027 - Cu 800/0.51 PIQL UA - CVIC01 c4:M1001-1800,CR-01-01-01-01 | Cable Recovery of all sizes,18.9
FNE - Cable Recovery,FNE - Copper Cable Recovery Rate Card,T2Q2 - ACT1 - Civic,153 - 601285186 - Cu 800/0.51 PIQL UA - CVIC01 c4:M1001-1800,CR-01-01-01-01 | Cable Recovery of all sizes,42.8
FNE - Cable Recovery,FNE - Copper Cable Recovery Rate Card,T2Q2 - ACT1 - Civic,154 - 601285196 - Cu 800/0.51 PIQL UA - CVIC01 c4:M1001-1800,CR-01-01-01-01 | Cable Recovery of all sizes,32
FNE - Cable Recovery,FNE - Copper Cable Recovery Rate Card,T2Q2 - ACT1 - Civic,155 - 601286060 - Cu 400/0.51 PIUT PE - CVIC01 c4:M1-400,CR-01-01-01-01 | Cable Recovery of all sizes,66.4
FNE - Cable Recovery,FNE - Copper Cable Recovery Rate Card,T2Q2 - ACT1 - Civic,155 - 601286058 - Cu 600/0.51 PIUT PE - CVIC01 c4:M401-1000,CR-01-01-01-01 | Cable Recovery of all sizes,66.4
FNE - Cable Recovery,FNE - Copper Cable Recovery Rate Card,T2Q2 - ACT1 - Civic,156 - 601289735 - Cu 1800/0.40 PIUT PE - CVIC01 c81:M1-1800,CR-01-01-01-01 | Cable Recovery of all sizes,31.6
FNE - Cable Recovery,FNE - Copper Cable Recovery Rate Card,T2Q2 - ACT1 - Civic,156 - 601289730 - Cu 1200/0.64 PIUT PE - CVIC01 c47:M1-1200,CR-01-01-01-01 | Cable Recovery of all sizes,31.6
FNE - Cable Recovery,FNE - Copper Cable Recovery Rate Card,T2Q2 - ACT1 - Civic,157 - 601289759 - Cu 1000/0.40 PIUT PE - CVIC01 c81:M1-1000,CR-01-01-01-01 | Cable Recovery of all sizes,31.6
FNE - Cable Recovery,FNE - Copper Cable Recovery Rate Card,T2Q2 - ACT1 - Civic,157 - 601289764 - Cu 600/0.40 CPIUT MB - CVIC01 c81:M1601-1800 400DEAD,CR-01-01-01-01 | Cable Recovery of all sizes,31.6
FNE - Cable Recovery,FNE - Copper Cable Recovery Rate Card,T2Q2 - ACT1 - Civic,157 - 601289763 - Cu 1200/0.64 PIUT PE - CVIC01 c47:M1-1200,CR-01-01-01-01 | Cable Recovery of all sizes,31.6
FNE - Cable Recovery,FNE - Copper Cable Recovery Rate Card,T2Q2 - ACT1 - Civic,158 - 601289977 - Cu 600/0.40 CPIUT MB - CVIC01 c81:M1601-1800 400DEAD,CR-01-01-01-01 | Cable Recovery of all sizes,7.4
FNE - Cable Recovery,FNE - Copper Cable Recovery Rate Card,T2Q2 - ACT1 - Civic,159 - 601290385 - Cu 1800/0.40 PIUT PE - CVIC01 c81:M1-1800,CR-01-01-01-01 | Cable Recovery of all sizes,108.6
FNE - Cable Recovery,FNE - Copper Cable Recovery Rate Card,T2Q2 - ACT1 - Civic,159 - 601290384 - Cu 1200/0.64 PIUT PE - CVIC01 c47:M1-1200,CR-01-01-01-01 | Cable Recovery of all sizes,108.6
FNE - Cable Recovery,FNE - Copper Cable Recovery Rate Card,T2Q2 - ACT1 - Civic,160 - 601290403 - Cu 1800/0.40 PIUT PE - CVIC01 c81:M1-1800,CR-01-01-01-01 | Cable Recovery of all sizes,80.9
FNE - Cable Recovery,FNE - Copper Cable Recovery Rate Card,T2Q2 - ACT1 - Civic,160 - 601290402 - Cu 1200/0.64 PIUT PE - CVIC01 c47:M1-1200,CR-01-01-01-01 | Cable Recovery of all sizes,80.9
FNE - Cable Recovery,FNE - Copper Cable Recovery Rate Card,T2Q2 - ACT1 - Civic,161 - 601298908 - Cu 1000/0.40 PIUT PE - CVIC01 c81:M1-900,CR-01-01-01-01 | Cable Recovery of all sizes,37.4
FNE - Cable Recovery,FNE - Copper Cable Recovery Rate Card,T2Q2 - ACT1 - Civic,162 - 601303629 - Cu 1000/0.40 PIUT PE - CVIC01 c81:M1-900,CR-01-01-01-01 | Cable Recovery of all sizes,62.7
FNE - Cable Recovery,FNE - Copper Cable Recovery Rate Card,T2Q2 - ACT1 - Civic,163 - 601303706 - Cu 1000/0.40 PIUT PE - CVIC01 c81:M1-900,CR-01-01-01-01 | Cable Recovery of all sizes,48.3
FNE - Cable Recovery,FNE - Copper Cable Recovery Rate Card,T2Q2 - ACT1 - Civic,164 - 601303710 - Cu 1000/0.40 PIUT PE - CVIC01 c81:M1-900,CR-01-01-01-01 | Cable Recovery of all sizes,70.2
FNE - Cable Recovery,FNE - Copper Cable Recovery Rate Card,T2Q2 - ACT1 - Civic,165 - 601303716 - Cu 1000/0.40 PIUT PE - CVIC01 c81:M1-900,CR-01-01-01-01 | Cable Recovery of all sizes,43.5
FNE - Cable Recovery,FNE - Copper Cable Recovery Rate Card,T2Q2 - ACT1 - Civic,166 - 601303721 - Cu 1000/0.40 PIUT PE - CVIC01 c81:M1-900,CR-01-01-01-01 | Cable Recovery of all sizes,47.7
FNE - Cable Recovery,FNE - Copper Cable Recovery Rate Card,T2Q2 - ACT1 - Civic,167 - 601318858 - Cu 800/0.51 PIQL UA - CVIC01 c4:M1001-1800,CR-01-01-01-01 | Cable Recovery of all sizes,55.8
FNE - Cable Recovery,FNE - Copper Cable Recovery Rate Card,T2Q2 - ACT1 - Civic,168 - 601319257 - Cu 600/0.51 PIQL UA - CVIC01 c4:M1001-1600,CR-01-01-01-01 | Cable Recovery of all sizes,41.8
FNE - Cable Recovery,FNE - Copper Cable Recovery Rate Card,T2Q2 - ACT1 - Civic,169 - 601342071 - Cu 1000/0.40 PIUT PE - CVIC01 c81:M1-900,CR-01-01-01-01 | Cable Recovery of all sizes,47.4
FNE - Cable Recovery,FNE - Copper Cable Recovery Rate Card,T2Q2 - ACT1 - Civic,170 - 6500288232 - Cu 800/0.51 PIQL UA - CVIC01 c4:M1001-1800,CR-01-01-01-01 | Cable Recovery of all sizes,61.1
FNE - Cable Recovery,FNE - Copper Cable Recovery Rate Card,T2Q2 - ACT1 - Civic,171 - 15016832356 - Cu 800/0.51 PIQL UA - CVIC01 c4:M1001-1800,CR-01-01-01-01 | Cable Recovery of all sizes,48.3
FNE - Cable Recovery,FNE - Copper Cable Recovery Rate Card,T2Q2 - ACT1 - Civic,172 - 15032989575 - Cu 800/0.51 PIQL UA - CVIC01 c4:M1001-1800,CR-01-01-01-01 | Cable Recovery of all sizes,77
FNE - Cable Recovery,FNE - Copper Cable Recovery Rate Card,T2Q2 - ACT1 - Civic,173 - 15032989600 - Cu 800/0.51 PIQL UA - CVIC01 c4:M1001-1800,CR-01-01-01-01 | Cable Recovery of all sizes,91.4
FNE - Cable Recovery,FNE - Copper Cable Recovery Rate Card,T2Q2 - ACT1 - Civic,174 - 15038618270 - Cu 600/0.51 PIQL PE - CVIC01 c18:M1-600,CR-01-01-01-01 | Cable Recovery of all sizes,72.7
FNE - Cable Recovery,FNE - Copper Cable Recovery Rate Card,T2Q2 - ACT1 - Civic,175 - 15038618849 - Cu 600/0.51 PIQL PE - CVIC01 c18:M1-600,CR-01-01-01-01 | Cable Recovery of all sizes,76.6
FNE - Cable Recovery,FNE - Copper Cable Recovery Rate Card,T2Q2 - ACT1 - Civic,176 - 15038619160 - Cu 600/0.51 PIQL PE - CVIC01 c18:M1-600,CR-01-01-01-01 | Cable Recovery of all sizes,25.8
FNE - Cable Recovery,FNE - Copper Cable Recovery Rate Card,T2Q2 - ACT1 - Civic,177 - 15038622213 - Cu 600/0.51 PIQL PE - CVIC01 c18:M1-600,CR-01-01-01-01 | Cable Recovery of all sizes,43.8
FNE - Cable Recovery,FNE - Copper Cable Recovery Rate Card,T2Q2 - ACT1 - Civic,178 - 15038622222 - Cu 600/0.51 PIQL PE - CVIC01 c18:M1-600,CR-01-01-01-01 | Cable Recovery of all sizes,29
FNE - Cable Recovery,FNE - Copper Cable Recovery Rate Card,T2Q2 - ACT1 - Civic,179 - 15038622239 - Cu 600/0.51 PIQL PE - CVIC01 c18:M1-600,CR-01-01-01-01 | Cable Recovery of all sizes,70.2
FNE - Cable Recovery,FNE - Copper Cable Recovery Rate Card,T2Q2 - ACT1 - Civic,180 - 15038622244 - Cu 600/0.51 PIQL PE - CVIC01 c18:M1-600,CR-01-01-01-01 | Cable Recovery of all sizes,19.4
FNE - Cable Recovery,FNE - Copper Cable Recovery Rate Card,T2Q2 - ACT1 - Civic,181 - 15038622262 - Cu 600/0.51 PIQL PE - CVIC01 c18:M1-600,CR-01-01-01-01 | Cable Recovery of all sizes,37.8
FNE - Cable Recovery,FNE - Copper Cable Recovery Rate Card,T2Q2 - ACT1 - Civic,182 - 15038622269 - Cu 600/0.51 PIQL PE - CVIC01 c18:M1-600,CR-01-01-01-01 | Cable Recovery of all sizes,74.5
FNE - Cable Recovery,FNE - Copper Cable Recovery Rate Card,T2Q2 - ACT1 - Civic,183 - 15038622294 - Cu 600/0.51 PIQL PE - CVIC01 c18:M1-600,CR-01-01-01-01 | Cable Recovery of all sizes,9.1
FNE - Cable Recovery,FNE - Copper Cable Recovery Rate Card,T2Q2 - ACT1 - Civic,184 - 601043830 - Cu 600/0.51 PIQL UA - CVIC01 c4:M1001-1600,CR-01-01-01-01 | Cable Recovery of all sizes,29.2
FNE - Cable Recovery,FNE - Copper Cable Recovery Rate Card,T2Q2 - ACT1 - Civic,185 - 601237203 - Cu 600/0.51 PIQL UA - CVIC01 c4:M1001-1600,CR-01-01-01-01 | Cable Recovery of all sizes,76.2
FNE - Cable Recovery,FNE - Copper Cable Recovery Rate Card,T2Q2 - ACT1 - Civic,186 - 601251223 - Cu 1200/0.64 PIQL PE - CVIC01 c38:M1-700 CVIC01 c38:M922-923 CVIC01 c38:M1101-1200,CR-01-01-01-01 | Cable Recovery of all sizes,141.6
FNE - Cable Recovery,FNE - Copper Cable Recovery Rate Card,T2Q2 - ACT1 - Civic,187 - 601261833 - Cu 600/0.51 PIQL UA - CVIC01 c4:M1001-1600,CR-01-01-01-01 | Cable Recovery of all sizes,92.4
FNE - Cable Recovery,FNE - Copper Cable Recovery Rate Card,T2Q2 - ACT1 - Civic,188 - 601262403 - Cu 600/0.51 PIQL UA - CVIC01 c4:M1001-1600,CR-01-01-01-01 | Cable Recovery of all sizes,82.5
FNE - Cable Recovery,FNE - Copper Cable Recovery Rate Card,T2Q2 - ACT1 - Civic,189 - 601262408 - Cu 600/0.51 PIQL UA - CVIC01 c4:M1001-1600,CR-01-01-01-01 | Cable Recovery of all sizes,82.1
FNE - Cable Recovery,FNE - Copper Cable Recovery Rate Card,T2Q2 - ACT1 - Civic,190 - 601262921 - Cu 600/0.51 PIQL UA - CVIC01 c4:M1001-1600,CR-01-01-01-01 | Cable Recovery of all sizes,51.5
FNE - Cable Recovery,FNE - Copper Cable Recovery Rate Card,T2Q2 - ACT1 - Civic,191 - 601262929 - Cu 600/0.51 PIQL UA - CVIC01 c4:M1001-1600,CR-01-01-01-01 | Cable Recovery of all sizes,106.7
FNE - Cable Recovery,FNE - Copper Cable Recovery Rate Card,T2Q2 - ACT1 - Civic,192 - 601285120 - Cu 800/0.51 PIQL UA - CVIC01 c4:M1001-1800,CR-01-01-01-01 | Cable Recovery of all sizes,41.8
FNE - Cable Recovery,FNE - Copper Cable Recovery Rate Card,T2Q2 - ACT1 - Civic,193 - 601319326 - Cu 600/0.51 PIQL UA - CVIC01 c4:M1001-1600,CR-01-01-01-01 | Cable Recovery of all sizes,44.9
FNE - Cable Recovery,FNE - Copper Cable Recovery Rate Card,T2Q2 - ACT1 - Civic,194 - 15036216645 - Cu 600/0.51 PIQL PE - CVIC01 c18:M1-600,CR-01-01-01-01 | Cable Recovery of all sizes,81.3
FNE - Cable Recovery,FNE - Copper Cable Recovery Rate Card,T2Q2 - ACT1 - Civic,195 - 15036216647 - Cu 600/0.51 PIQL PE - CVIC01 c18:M1-600,CR-01-01-01-01 | Cable Recovery of all sizes,10.7
FNE - Cable Recovery,FNE - Copper Cable Recovery Rate Card,T2Q2 - ACT1 - Civic,196 - 601237092 - Cu 400/0.51 PIQL UA - CVIC01 c4:M1001-1400,CR-01-01-01-01 | Cable Recovery of all sizes,75
FNE - Cable Recovery,FNE - Copper Cable Recovery Rate Card,T2Q2 - ACT1 - Civic,197 - 601237095 - Cu 400/0.51 PIQL UA - CVIC01 c4:M1001-1400,CR-01-01-01-01 | Cable Recovery of all sizes,34.9
FNE - Cable Recovery,FNE - Copper Cable Recovery Rate Card,T2Q2 - ACT1 - Civic,198 - 601237097 - Cu 400/0.51 PIQL UA - CVIC01 c4:M1001-1400,CR-01-01-01-01 | Cable Recovery of all sizes,88.8
FNE - Cable Recovery,FNE - Copper Cable Recovery Rate Card,T2Q2 - ACT1 - Civic,199 - 601237099 - Cu 400/0.51 PIQL UA - CVIC01 c4:M1001-1400,CR-01-01-01-01 | Cable Recovery of all sizes,34
FNE - Cable Recovery,FNE - Copper Cable Recovery Rate Card,T2Q2 - ACT1 - Civic,200 - 601260342 - Cu 600/0.51 PIQL UA - CVIC01 c4:M1001-1600,CR-01-01-01-01 | Cable Recovery of all sizes,68.4
FNE - Cable Recovery,FNE - Copper Cable Recovery Rate Card,T2Q2 - ACT1 - Civic,201 - 601283189 - Cu 800/0.51 PIQL UA - CVIC01 c4:M1001-1800,CR-01-01-01-01 | Cable Recovery of all sizes,59.2
FNE - Cable Recovery,FNE - Copper Cable Recovery Rate Card,T2Q2 - ACT1 - Civic,202 - 601283192 - Cu 800/0.51 PIQL UA - CVIC01 c4:M1001-1800,CR-01-01-01-01 | Cable Recovery of all sizes,66.9
FNE - Cable Recovery,FNE - Copper Cable Recovery Rate Card,T2Q2 - ACT1 - Civic,203 - 601283194 - Cu 800/0.51 PIQL UA - CVIC01 c4:M1001-1800,CR-01-01-01-01 | Cable Recovery of all sizes,84.6
FNE - Cable Recovery,FNE - Copper Cable Recovery Rate Card,T2Q2 - ACT1 - Civic,204 - 601285128 - Cu 800/0.51 PIQL UA - CVIC01 c4:M1001-1800,CR-01-01-01-01 | Cable Recovery of all sizes,81.7
FNE - Cable Recovery,FNE - Copper Cable Recovery Rate Card,T2Q2 - ACT1 - Civic,205 - 601237240 - Cu 600/0.51 PIQL UA - CVIC01 c4:M1001-1600,CR-01-01-01-01 | Cable Recovery of all sizes,29.1
FNE - Cable Recovery,FNE - Copper Cable Recovery Rate Card,T2Q2 - ACT1 - Civic,207 - 600505328 - Cu 600/0.51 PIQL UA - CVIC01 c4:M1001-1600,CR-01-01-01-01 | Cable Recovery of all sizes,97.1
FNE - Cable Recovery,FNE - Copper Cable Recovery Rate Card,T2Q2 - ACT1 - Civic,208 - 600496321 - Cu 600/0.51 PIQL UA - CVIC01 c4:M1001-1600,CR-01-01-01-01 | Cable Recovery of all sizes,28.5
FNE - Cable Recovery,FNE - Copper Cable Recovery Rate Card,T2Q2 - ACT1 - Civic,209 - 601283245 - Cu 800/0.51 PIQL UA - CVIC01 c4:M1001-1800,CR-01-01-01-01 | Cable Recovery of all sizes,55.7
FNE - Cable Recovery,FNE - Copper Cable Recovery Rate Card,T2Q2 - ACT1 - Civic,210 - 601283247 - Cu 800/0.51 PIQL UA - CVIC01 c4:M1001-1800,CR-01-01-01-01 | Cable Recovery of all sizes,33.9
FNE - Cable Recovery,FNE - Copper Cable Recovery Rate Card,T2Q2 - ACT1 - Civic,211 - 601283248 - Cu 800/0.51 PIQL UA - CVIC01 c4:M1001-1800,CR-01-01-01-01 | Cable Recovery of all sizes,38.8
FNE - Cable Recovery,FNE - Copper Cable Recovery Rate Card,T2Q2 - ACT1 - Civic,212 - 601283252 - Cu 800/0.51 PIQL UA - CVIC01 c4:M1001-1800,CR-01-01-01-01 | Cable Recovery of all sizes,57.4
FNE - Cable Recovery,FNE - Copper Cable Recovery Rate Card,T2Q2 - ACT1 - Civic,213 - 601286112 - Cu 600/0.51 PIUT PE - CVIC UNK:-1-100 CVIC01 c4:M401-900,CR-01-01-01-01 | Cable Recovery of all sizes,70.3
FNE - Cable Recovery,FNE - Copper Cable Recovery Rate Card,T2Q2 - ACT1 - Civic,213 - 601286111 - Cu 400/0.51 PIUT PE - CVIC01 c4:M1-400,CR-01-01-01-01 | Cable Recovery of all sizes,70.3
FNE - Cable Recovery,FNE - Copper Cable Recovery Rate Card,T2Q2 - ACT1 - Civic,214 - 601286118 - Cu 600/0.51 PIUT PE - CVIC UNK:-1-100 CVIC01 c4:M401-900,CR-01-01-01-01 | Cable Recovery of all sizes,80.5
FNE - Cable Recovery,FNE - Copper Cable Recovery Rate Card,T2Q2 - ACT1 - Civic,214 - 601286117 - Cu 400/0.51 PIUT PE - CVIC01 c4:M1-400,CR-01-01-01-01 | Cable Recovery of all sizes,80.5
FNE - Cable Recovery,FNE - Copper Cable Recovery Rate Card,T2Q2 - ACT1 - Civic,215 - 601286123 - Cu 600/0.51 PIUT PE - CVIC UNK:-1-100 CVIC01 c4:M401-900,CR-01-01-01-01 | Cable Recovery of all sizes,71.8
FNE - Cable Recovery,FNE - Copper Cable Recovery Rate Card,T2Q2 - ACT1 - Civic,215 - 601286122 - Cu 400/0.51 PIUT PE - CVIC01 c4:M1-400,CR-01-01-01-01 | Cable Recovery of all sizes,71.8
FNE - Cable Recovery,FNE - Copper Cable Recovery Rate Card,T2Q2 - ACT1 - Civic,216 - 601286260 - Cu 400/0.51 PIUT PE - CVIC01 c4:M1-400,CR-01-01-01-01 | Cable Recovery of all sizes,92.8
FNE - Cable Recovery,FNE - Copper Cable Recovery Rate Card,T2Q2 - ACT1 - Civic,217 - 601318869 - Cu 800/0.51 PIQL UA - CVIC01 c4:M1001-1800,CR-01-01-01-01 | Cable Recovery of all sizes,40
FNE - Cable Recovery,FNE - Copper Cable Recovery Rate Card,T2Q2 - ACT1 - Civic,218 - 6502009726 - Cu 800/0.51 PIQL UA - CVIC01 c4:M1001-1800,CR-01-01-01-01 | Cable Recovery of all sizes,23.5
FNE - Cable Recovery,FNE - Copper Cable Recovery Rate Card,T2Q2 - ACT1 - Civic,219 - 601286201 - Cu 400/0.51 PIUT PE - CVIC01 c4:M1-400,CR-01-01-01-01 | Cable Recovery of all sizes,15.3
FNE - Cable Recovery,FNE - Copper Cable Recovery Rate Card,T2Q2 - ACT1 - Civic,219 - 601286160 - Cu 400/0.51 PIUT PE - CVIC01 c4:M401-800,CR-01-01-01-01 | Cable Recovery of all sizes,15.3
FNE - Cable Recovery,FNE - Copper Cable Recovery Rate Card,T2Q2 - ACT1 - Civic,220 - 601286228 - Cu 400/0.51 PIUT PE - CVIC01 c4:M1-400,CR-01-01-01-01 | Cable Recovery of all sizes,70.6
FNE - Cable Recovery,FNE - Copper Cable Recovery Rate Card,T2Q2 - ACT1 - Civic,220 - 601286227 - Cu 400/0.51 PIUT PE - CVIC01 c4:M401-800,CR-01-01-01-01 | Cable Recovery of all sizes,70.6
FNE - Cable Recovery,FNE - Copper Cable Recovery Rate Card,T2Q2 - ACT1 - Civic,221 - 601286234 - Cu 400/0.51 PIUT PE - CVIC01 c4:M1-400,CR-01-01-01-01 | Cable Recovery of all sizes,79.3
FNE - Cable Recovery,FNE - Copper Cable Recovery Rate Card,T2Q2 - ACT1 - Civic,221 - 601286233 - Cu 400/0.51 PIUT PE - CVIC01 c4:M401-800,CR-01-01-01-01 | Cable Recovery of all sizes,79.3
FNE - Cable Recovery,FNE - Copper Cable Recovery Rate Card,T2Q2 - ACT1 - Civic,222 - 601286238 - Cu 400/0.51 PIUT PE - CVIC01 c4:M1-400,CR-01-01-01-01 | Cable Recovery of all sizes,79.8
FNE - Cable Recovery,FNE - Copper Cable Recovery Rate Card,T2Q2 - ACT1 - Civic,222 - 601286237 - Cu 400/0.51 PIUT PE - CVIC01 c4:M401-800,CR-01-01-01-01 | Cable Recovery of all sizes,79.8
FNE - Cable Recovery,FNE - Copper Cable Recovery Rate Card,T2Q2 - ACT1 - Civic,223 - 601286241 - Cu 400/0.51 PIUT PE - CVIC01 c4:M1-400,CR-01-01-01-01 | Cable Recovery of all sizes,68.4
FNE - Cable Recovery,FNE - Copper Cable Recovery Rate Card,T2Q2 - ACT1 - Civic,223 - 601286240 - Cu 400/0.51 PIUT PE - CVIC01 c4:M401-800,CR-01-01-01-01 | Cable Recovery of all sizes,68.4
FNE - Cable Recovery,FNE - Copper Cable Recovery Rate Card,T2Q2 - ACT1 - Civic,224 - 601286244 - Cu 400/0.51 PIUT PE - CVIC01 c4:M1-400,CR-01-01-01-01 | Cable Recovery of all sizes,65.9
FNE - Cable Recovery,FNE - Copper Cable Recovery Rate Card,T2Q2 - ACT1 - Civic,224 - 601286243 - Cu 400/0.51 PIUT PE - CVIC01 c4:M401-800,CR-01-01-01-01 | Cable Recovery of all sizes,65.9
FNE - Cable Recovery,FNE - Copper Cable Recovery Rate Card,T2Q2 - ACT1 - Civic,225 - 601286248 - Cu 400/0.51 PIUT PE - CVIC01 c4:M1-400,CR-01-01-01-01 | Cable Recovery of all sizes,29.4
FNE - Cable Recovery,FNE - Copper Cable Recovery Rate Card,T2Q2 - ACT1 - Civic,226 - 601286252 - Cu 400/0.51 PIUT PE - CVIC01 c4:M1-400,CR-01-01-01-01 | Cable Recovery of all sizes,83.2
FNE - Cable Recovery,FNE - Copper Cable Recovery Rate Card,T2Q2 - ACT1 - Civic,227 - 601286255 - Cu 400/0.51 PIUT PE - CVIC01 c4:M1-400,CR-01-01-01-01 | Cable Recovery of all sizes,128.1
FNE - Cable Recovery,FNE - Copper Cable Recovery Rate Card,T2Q2 - ACT1 - Civic,228 - 601271941 - Cu 400/0.51 PIUT PE - CVIC01 c4:M1-400,CR-01-01-01-01 | Cable Recovery of all sizes,18.7
FNE - Cable Recovery,FNE - Copper Cable Recovery Rate Card,T2Q2 - ACT1 - Civic,228 - 601271939 - Cu 600/0.51 PIUT PE - CVIC01 c4:M401-1000,CR-01-01-01-01 | Cable Recovery of all sizes,18.7
FNE - Cable Recovery,FNE - Copper Cable Recovery Rate Card,T2Q2 - ACT1 - Civic,229 - 601236173 - Cu 400/0.51 PIQL UA - CVIC01 c4:M1001-1400,CR-01-01-01-01 | Cable Recovery of all sizes,11.2
FNE - Cable Recovery,FNE - Copper Cable Recovery Rate Card,T2Q2 - ACT1 - Civic,230 - 601285041 - Cu 800/0.51 PIQL UA - CVIC01 c4:M1001-1800,CR-01-01-01-01 | Cable Recovery of all sizes,35.5
FNE - Cable Recovery,FNE - Copper Cable Recovery Rate Card,T2Q2 - ACT1 - Civic,231 - 601280295 - Cu 800/0.51 PIQL UA - CVIC01 c4:M1001-1800,CR-01-01-01-01 | Cable Recovery of all sizes,59.8
FNE - Cable Recovery,FNE - Copper Cable Recovery Rate Card,T2Q2 - ACT1 - Civic,231 - 601280293 - Cu 1000/0.51 PIUT PE - CVIC01 c4:M1-1000,CR-01-01-01-01 | Cable Recovery of all sizes,59.8
FNE - Cable Recovery,FNE - Copper Cable Recovery Rate Card,T2Q2 - ACT1 - Civic,232 - 601286739 - Cu 800/0.51 PIQL UA - CVIC01 c4:M1001-1800,CR-01-01-01-01 | Cable Recovery of all sizes,51.7
FNE - Cable Recovery,FNE - Copper Cable Recovery Rate Card,T2Q2 - ACT1 - Civic,233 - 601286816 - Cu 800/0.51 PIQL UA - CVIC01 c4:M1001-1800,CR-01-01-01-01 | Cable Recovery of all sizes,23.8
FNE - Cable Recovery,FNE - Copper Cable Recovery Rate Card,T2Q2 - ACT1 - Civic,234 - 601286864 - Cu 800/0.51 PIQL UA - CVIC01 c4:M1001-1800,CR-01-01-01-01 | Cable Recovery of all sizes,33.9
FNE - Cable Recovery,FNE - Copper Cable Recovery Rate Card,T2Q2 - ACT1 - Civic,235 - 601286875 - Cu 800/0.51 PIQL UA - CVIC01 c4:M1001-1800,CR-01-01-01-01 | Cable Recovery of all sizes,61.1
FNE - Cable Recovery,FNE - Copper Cable Recovery Rate Card,T2Q2 - ACT1 - Civic,236 - 601286890 - Cu 800/0.51 PIQL UA - CVIC01 c4:M1001-1800,CR-01-01-01-01 | Cable Recovery of all sizes,63.4
FNE - Cable Recovery,FNE - Copper Cable Recovery Rate Card,T2Q2 - ACT1 - Civic,237 - 601286914 - Cu 800/0.51 PIQL UA - CVIC01 c4:M1001-1800,CR-01-01-01-01 | Cable Recovery of all sizes,12
FNE - Cable Recovery,FNE - Copper Cable Recovery Rate Card,T2Q2 - ACT1 - Civic,238 - 601286966 - Cu 800/0.51 PIQL UA - CVIC01 c4:M1001-1800,CR-01-01-01-01 | Cable Recovery of all sizes,27.6
FNE - Cable Recovery,FNE - Copper Cable Recovery Rate Card,T2Q2 - ACT1 - Civic,239 - 601251202 - Cu 1200/0.64 PIQL PE - CVIC01 c38:M1-700 CVIC01 c38:M922-923 CVIC01 c38:M1101-1200,CR-01-01-01-01 | Cable Recovery of all sizes,44
FNE - Cable Recovery,FNE - Copper Cable Recovery Rate Card,T2Q2 - ACT1 - Civic,240 - 601251216 - Cu 1200/0.64 PIQL PE - CVIC01 c38:M1-700 CVIC01 c38:M922-923 CVIC01 c38:M1101-1200,CR-01-01-01-01 | Cable Recovery of all sizes,96.2
FNE - Cable Recovery,FNE - Copper Cable Recovery Rate Card,T2Q2 - ACT1 - Civic,241 - 601251235 - Cu 1200/0.64 PIQL PE - CVIC01 c38:M1-700 CVIC01 c38:M922-923 CVIC01 c38:M1101-1200,CR-01-01-01-01 | Cable Recovery of all sizes,3.8
FNE - Cable Recovery,FNE - Copper Cable Recovery Rate Card,T2Q2 - ACT1 - Civic,242 - 601283225 - Cu 800/0.51 PIQL UA - CVIC01 c4:M1001-1800,CR-01-01-01-01 | Cable Recovery of all sizes,77.6
FNE - Cable Recovery,FNE - Copper Cable Recovery Rate Card,T2Q2 - ACT1 - Civic,243 - 601298809 - Cu 1000/0.40 PIUT PE - CVIC01 c81:M1-1000,CR-01-01-01-01 | Cable Recovery of all sizes,76.3
FNE - Cable Recovery,FNE - Copper Cable Recovery Rate Card,T2Q2 - ACT1 - Civic,243 - 601298810 - Cu 1200/0.64 PIUT PE - CVIC01 c47:M1-1200,CR-01-01-01-01 | Cable Recovery of all sizes,76.3
FNE - Cable Recovery,FNE - Copper Cable Recovery Rate Card,T2Q2 - ACT1 - Civic,244 - 601303840 - Cu 1200/0.64 PIUT PE - CVIC01 c47:M1-1200,CR-01-01-01-01 | Cable Recovery of all sizes,39.5
FNE - Cable Recovery,FNE - Copper Cable Recovery Rate Card,T2Q2 - ACT1 - Civic,245 - 601516967 - Cu 1200/0.64 PIQL PE - CVIC01 c45:M1-1200,CR-01-01-01-01 | Cable Recovery of all sizes,6.3
FNE - Cable Recovery,FNE - Copper Cable Recovery Rate Card,T2Q2 - ACT1 - Civic,246 - 2201219420 - Cu 1200/0.64 PIQL PE - CVIC01 c38:M1-700 CVIC01 c38:M922-923 CVIC01 c38:M1101-1200,CR-01-01-01-01 | Cable Recovery of all sizes,31.6
FNE - Cable Recovery,FNE - Copper Cable Recovery Rate Card,T2Q2 - ACT1 - Civic,247 - 15016905693 - Cu 1200/0.64 PIQL PE - CVIC01 c38:M1-700 CVIC01 c38:M922-923 CVIC01 c38:M1101-1200,CR-01-01-01-01 | Cable Recovery of all sizes,20.3
FNE - Cable Recovery,FNE - Copper Cable Recovery Rate Card,T2Q2 - ACT1 - Civic,248 - 15016905743 - Cu 1200/0.64 PIQL PE - CVIC01 c38:M1-700 CVIC01 c38:M922-923 CVIC01 c38:M1101-1200,CR-01-01-01-01 | Cable Recovery of all sizes,70.1
FNE - Cable Recovery,FNE - Copper Cable Recovery Rate Card,T2Q2 - ACT1 - Civic,249 - 15027400654 - Cu 1200/0.64 PIQL PE - CVIC01 c38:M1-700 CVIC01 c38:M922-923 CVIC01 c38:M1101-1200,CR-01-01-01-01 | Cable Recovery of all sizes,103.3
FNE - Cable Recovery,FNE - Copper Cable Recovery Rate Card,T2Q2 - ACT1 - Civic,250 - 601251121 - Cu 1200/0.64 PIQL PE - CVIC01 c38:M1-700 CVIC01 c38:M922-923 CVIC01 c38:M1101-1200,CR-01-01-01-01 | Cable Recovery of all sizes,152.2
FNE - Cable Recovery,FNE - Copper Cable Recovery Rate Card,T2Q2 - ACT1 - Civic,251 - 601251144 - Cu 1200/0.64 PIQL PE - CVIC01 c38:M1-700 CVIC01 c38:M922-923 CVIC01 c38:M1101-1200,CR-01-01-01-01 | Cable Recovery of all sizes,16.1
FNE - Cable Recovery,FNE - Copper Cable Recovery Rate Card,T2Q2 - ACT1 - Civic,252 - 601251208 - Cu 1200/0.64 PIQL PE - CVIC01 c38:M1-700 CVIC01 c38:M922-923 CVIC01 c38:M1101-1200,CR-01-01-01-01 | Cable Recovery of all sizes,130.6
FNE - Cable Recovery,FNE - Copper Cable Recovery Rate Card,T2Q2 - ACT1 - Civic,253 - 601533026 - Cu 1200/0.64 PIQL PE - CVIC01 c38:M1-700 CVIC01 c38:M922-923 CVIC01 c38:M1101-1200,CR-01-01-01-01 | Cable Recovery of all sizes,43.1
FNE - Cable Recovery,FNE - Copper Cable Recovery Rate Card,T2Q2 - ACT1 - Civic,254 - 15017968810 - Cu 800/0.51 PIQL UA - CVIC01 c16:M601-1400,CR-01-01-01-01 | Cable Recovery of all sizes,71.8
FNE - Cable Recovery,FNE - Copper Cable Recovery Rate Card,T2Q2 - ACT1 - Civic,254 - 15017968803 - Cu 600/0.51 PIQL PE - CVIC01 c18:M1-600,CR-01-01-01-01 | Cable Recovery of all sizes,71.8
FNE - Cable Recovery,FNE - Copper Cable Recovery Rate Card,T2Q2 - ACT1 - Civic,254 - 15017968804 - Cu 600/0.51 PIUT PE - CVIC01 c16:M1-600,CR-01-01-01-01 | Cable Recovery of all sizes,71.8
FNE - Cable Recovery,FNE - Copper Cable Recovery Rate Card,T2Q2 - ACT1 - Civic,259 - 15040189481 - Cu 1200/0.64 PIQL PE - CVIC01 c38:M1-700 CVIC01 c38:M922-923 CVIC01 c38:M1101-1200,CR-01-01-01-01 | Cable Recovery of all sizes,28.3
FNE - Cable Recovery,FNE - Copper Cable Recovery Rate Card,T2Q2 - ACT1 - Civic,260 - 15025949625 - Cu 600/0.40 CPIUT MB - CVIC01 c81:M1601-1800 400DEAD,CR-01-01-01-01 | Cable Recovery of all sizes,9.8
FNE - Cable Recovery,FNE - Copper Cable Recovery Rate Card,T2Q2 - ACT1 - Civic,268 - 601290116 - Cu 600/0.40 CPIUT MB - CVIC01 c81:M1601-1800 400DEAD,CR-01-01-01-01 | Cable Recovery of all sizes,15.4
FNE - Cable Recovery,FNE - Copper Cable Recovery Rate Card,T2Q2 - ACT1 - Civic,269 - 0 - Cu 800/0.51 PIQL UA - CVIC01 c4:M1001-1800,CR-01-01-01-01 | Cable Recovery of all sizes,14.3
FNE - Cable Recovery,FNE - Copper Cable Recovery Rate Card,T2Q2 - ACT1 - Civic,270 - 0 - Cu 1800/0.51 PIQL PJ - CVIC01 c4:M1-1800,CR-01-01-01-01 | Cable Recovery of all sizes,21.6
FNE - Cable Recovery,FNE - Copper Cable Recovery Rate Card,T2Q2 - ACT1 - Civic,271 - 601286816 - Cu 800/0.51 PIQL UA - CVIC01 c4:M1001-1800,CR-01-01-01-01 | Cable Recovery of all sizes,36.5
FNE - Cable Recovery,FNE - Copper Cable Recovery Rate Card,T2Q2 - ACT1 - Civic,1 - 2600961557 - Cu 1400/0.40 PIUT UA - QNBN01 c4:M1-1400,CR-01-01-01-01 | Cable Recovery of all sizes,105.3
FNE - Cable Recovery,FNE - Copper Cable Recovery Rate Card,T2Q2 - ACT1 - Civic,1 - 2600961555 - Cu 1800/0.40 PIUT UA - QNBN01 c16:M1-1800,CR-01-01-01-01 | Cable Recovery of all sizes,105.3
FNE - Cable Recovery,FNE - Copper Cable Recovery Rate Card,T2Q2 - ACT1 - Civic,2 - 2600961580 - Cu 1400/0.40 PIUT UA - QNBN01 c4:M1-1400,CR-01-01-01-01 | Cable Recovery of all sizes,131.7
FNE - Cable Recovery,FNE - Copper Cable Recovery Rate Card,T2Q2 - ACT1 - Civic,2 - 2600961579 - Cu 1800/0.40 PIUT UA - QNBN01 c16:M1-1800,CR-01-01-01-01 | Cable Recovery of all sizes,131.7
FNE - Cable Recovery,FNE - Copper Cable Recovery Rate Card,T2Q2 - ACT1 - Civic,3 - 2600961810 - Cu 1200/0.40 PIUT UA - QNBN01 c4:M1-1200,CR-01-01-01-01 | Cable Recovery of all sizes,140
FNE - Cable Recovery,FNE - Copper Cable Recovery Rate Card,T2Q2 - ACT1 - Civic,3 - 2600961809 - Cu 1200/0.40 PIUT UA - QNBN01 c16:M1-1200,CR-01-01-01-01 | Cable Recovery of all sizes,140
FNE - Cable Recovery,FNE - Copper Cable Recovery Rate Card,T2Q2 - ACT1 - Civic,4 - 2600963887 - Cu 1200/0.40 CPIUT MB - QNBN01 c22:M1-1200,CR-01-01-01-01 | Cable Recovery of all sizes,121.1
FNE - Cable Recovery,FNE - Copper Cable Recovery Rate Card,T2Q2 - ACT1 - Civic,4 - 2600963888 - Cu 1200/0.40 PIUT UA - QNBN01 c20:M1-1200,CR-01-01-01-01 | Cable Recovery of all sizes,121.1
FNE - Cable Recovery,FNE - Copper Cable Recovery Rate Card,T2Q2 - ACT1 - Civic,5 - 2600963911 - Cu 1200/0.40 CPIUT MB - QNBN01 c22:M1-1200,CR-01-01-01-01 | Cable Recovery of all sizes,21.5
FNE - Cable Recovery,FNE - Copper Cable Recovery Rate Card,T2Q2 - ACT1 - Civic,5 - 2600963910 - Cu 1200/0.40 PIUT UA - QNBN01 c20:M1-1200,CR-01-01-01-01 | Cable Recovery of all sizes,21.5
FNE - Cable Recovery,FNE - Copper Cable Recovery Rate Card,T2Q2 - ACT1 - Civic,6 - 2600963921 - Cu 1200/0.40 CPIUT MB - QNBN01 c22:M1-1200,CR-01-01-01-01 | Cable Recovery of all sizes,100.6
FNE - Cable Recovery,FNE - Copper Cable Recovery Rate Card,T2Q2 - ACT1 - Civic,6 - 2600963922 - Cu 1200/0.40 PIUT UA - QNBN01 c20:M1-1200,CR-01-01-01-01 | Cable Recovery of all sizes,100.6
FNE - Cable Recovery,FNE - Copper Cable Recovery Rate Card,T2Q2 - ACT1 - Civic,7 - 2600963934 - Cu 1200/0.40 CPIUT MB - QNBN01 c22:M1-1200,CR-01-01-01-01 | Cable Recovery of all sizes,61.7
FNE - Cable Recovery,FNE - Copper Cable Recovery Rate Card,T2Q2 - ACT1 - Civic,7 - 2600963935 - Cu 1200/0.40 PIUT UA - QNBN01 c20:M1-1200,CR-01-01-01-01 | Cable Recovery of all sizes,61.7
FNE - Cable Recovery,FNE - Copper Cable Recovery Rate Card,T2Q2 - ACT1 - Civic,8 - 2600963947 - Cu 1200/0.40 CPIUT MB - QNBN01 c22:M1-1200,CR-01-01-01-01 | Cable Recovery of all sizes,204.8
FNE - Cable Recovery,FNE - Copper Cable Recovery Rate Card,T2Q2 - ACT1 - Civic,8 - 2600963948 - Cu 1200/0.40 PIUT UA - QNBN01 c20:M1-1200,CR-01-01-01-01 | Cable Recovery of all sizes,204.8
FNE - Cable Recovery,FNE - Copper Cable Recovery Rate Card,T2Q2 - ACT1 - Civic,9 - 2600964424 - Cu 1400/0.40 PIUT UA - QNBN01 c4:M1-1400,CR-01-01-01-01 | Cable Recovery of all sizes,24.4
FNE - Cable Recovery,FNE - Copper Cable Recovery Rate Card,T2Q2 - ACT1 - Civic,9 - 2600964427 - Cu 1800/0.40 PIUT UA - QNBN01 c16:M1-1800,CR-01-01-01-01 | Cable Recovery of all sizes,24.4
FNE - Cable Recovery,FNE - Copper Cable Recovery Rate Card,T2Q2 - ACT1 - Civic,10 - 2600964485 - Cu 1400/0.40 PIUT UA - QNBN01 c4:M1-1400,CR-01-01-01-01 | Cable Recovery of all sizes,40.7
FNE - Cable Recovery,FNE - Copper Cable Recovery Rate Card,T2Q2 - ACT1 - Civic,10 - 2600964486 - Cu 1800/0.40 PIUT UA - QNBN01 c16:M1-1800,CR-01-01-01-01 | Cable Recovery of all sizes,40.7
FNE - Cable Recovery,FNE - Copper Cable Recovery Rate Card,T2Q2 - ACT1 - Civic,11 - 2600965622 - Cu 1200/0.40 CPIUT MB - QNBN01 c22:M1-1200,CR-01-01-01-01 | Cable Recovery of all sizes,36.5
FNE - Cable Recovery,FNE - Copper Cable Recovery Rate Card,T2Q2 - ACT1 - Civic,11 - 2600965617 - Cu 1200/0.40 PIUT UA - QNBN01 c20:M1-1200,CR-01-01-01-01 | Cable Recovery of all sizes,36.5
FNE - Cable Recovery,FNE - Copper Cable Recovery Rate Card,T2Q2 - ACT1 - Civic,12 - 2600965676 - Cu 1200/0.40 CPIUT MB - QNBN01 c22:M1-1200,CR-01-01-01-01 | Cable Recovery of all sizes,74.2
FNE - Cable Recovery,FNE - Copper Cable Recovery Rate Card,T2Q2 - ACT1 - Civic,12 - 2600965671 - Cu 1200/0.40 PIUT UA - QNBN01 c20:M1-1200,CR-01-01-01-01 | Cable Recovery of all sizes,74.2
FNE - Cable Recovery,FNE - Copper Cable Recovery Rate Card,T2Q2 - ACT1 - Civic,13 - 2600965704 - Cu 1200/0.40 CPIUT MB - QNBN01 c22:M1-1200,CR-01-01-01-01 | Cable Recovery of all sizes,33.7
FNE - Cable Recovery,FNE - Copper Cable Recovery Rate Card,T2Q2 - ACT1 - Civic,13 - 2600965698 - Cu 1200/0.40 PIUT UA - QNBN01 c20:M1-1200,CR-01-01-01-01 | Cable Recovery of all sizes,33.7
FNE - Cable Recovery,FNE - Copper Cable Recovery Rate Card,T2Q2 - ACT1 - Civic,14 - 2600967760 - Cu 1400/0.40 PIUT UA - QNBN01 c4:M1-1400,CR-01-01-01-01 | Cable Recovery of all sizes,51.6
FNE - Cable Recovery,FNE - Copper Cable Recovery Rate Card,T2Q2 - ACT1 - Civic,14 - 2600967761 - Cu 1800/0.40 PIUT UA - QNBN01 c16:M1-1800,CR-01-01-01-01 | Cable Recovery of all sizes,51.6
FNE - Cable Recovery,FNE - Copper Cable Recovery Rate Card,T2Q2 - ACT1 - Civic,15 - 2600961106 - Cu 1000/0.40 PIUT UA - QNBN01 c4:M1-1000,CR-01-01-01-01 | Cable Recovery of all sizes,26.1
FNE - Cable Recovery,FNE - Copper Cable Recovery Rate Card,T2Q2 - ACT1 - Civic,17 - 2600961586 - Cu 1400/0.40 PIUT UA - QNBN01 c4:M1-1400,CR-01-01-01-01 | Cable Recovery of all sizes,124
FNE - Cable Recovery,FNE - Copper Cable Recovery Rate Card,T2Q2 - ACT1 - Civic,17 - 2600961585 - Cu 1800/0.40 PIUT UA - QNBN01 c16:M1-1800,CR-01-01-01-01 | Cable Recovery of all sizes,124
FNE - Cable Recovery,FNE - Copper Cable Recovery Rate Card,T2Q2 - ACT1 - Civic,18 - 2600961071 - Cu 600/0.40 PIUT UA - QNBN01 c16:M1-600,CR-01-01-01-01 | Cable Recovery of all sizes,209.9
FNE - Cable Recovery,FNE - Copper Cable Recovery Rate Card,T2Q2 - ACT1 - Civic,18 - 2600961070 - Cu 400/0.40 PIUT UA - QNBN01 c16:M601-1000,CR-01-01-01-01 | Cable Recovery of all sizes,209.9
FNE - Cable Recovery,FNE - Copper Cable Recovery Rate Card,T2Q2 - ACT1 - Civic,19 - 2600910211 - Cu 1200/0.40 CPIUT MB - QNBN01 c22:M1-800,CR-01-01-01-01 | Cable Recovery of all sizes,51.6
FNE - Cable Recovery,FNE - Copper Cable Recovery Rate Card,T2Q2 - ACT1 - Civic,20 - 2600910227 - Cu 1200/0.40 CPIUT MB - QNBN01 c22:M1-800,CR-01-01-01-01 | Cable Recovery of all sizes,41
FNE - Cable Recovery,FNE - Copper Cable Recovery Rate Card,T2Q2 - ACT1 - Civic,22 - 2600961797 - Cu 1200/0.40 PIUT UA - QNBN01 c4:M1-1200,CR-01-01-01-01 | Cable Recovery of all sizes,43.7
FNE - Cable Recovery,FNE - Copper Cable Recovery Rate Card,T2Q2 - ACT1 - Civic,22 - 2600961796 - Cu 1200/0.40 PIUT UA - QNBN01 c16:M1-1200,CR-01-01-01-01 | Cable Recovery of all sizes,43.7
FNE - Cable Recovery,FNE - Copper Cable Recovery Rate Card,T2Q2 - ACT1 - Civic,23 - 2600961818 - Cu 1200/0.40 PIUT UA - QNBN01 c4:M1-1200,CR-01-01-01-01 | Cable Recovery of all sizes,97
FNE - Cable Recovery,FNE - Copper Cable Recovery Rate Card,T2Q2 - ACT1 - Civic,23 - 2600961817 - Cu 1200/0.40 PIUT UA - QNBN01 c16:M1-1200,CR-01-01-01-01 | Cable Recovery of all sizes,97
FNE - Cable Recovery,FNE - Copper Cable Recovery Rate Card,T2Q2 - ACT1 - Civic,24 - 6501552729 - Cu 1200/0.40 CPIUT MB - QNBN01 c22:M1-1200,CR-01-01-01-01 | Cable Recovery of all sizes,33.3
FNE - Cable Recovery,FNE - Copper Cable Recovery Rate Card,T2Q2 - ACT1 - Civic,24 - 2600963609 - Cu 1200/0.40 PIUT UA - QNBN01 c20:M1-1200,CR-01-01-01-01 | Cable Recovery of all sizes,33.3
FNE - Cable Recovery,FNE - Copper Cable Recovery Rate Card,T2Q2 - ACT1 - Civic,25 - 2600965437 - Cu 1400/0.40 PIUT UA - QNBN01 c4:M1-1400,CR-01-01-01-01 | Cable Recovery of all sizes,27.4
FNE - Cable Recovery,FNE - Copper Cable Recovery Rate Card,T2Q2 - ACT1 - Civic,25 - 2600965436 - Cu 1800/0.40 PIUT UA - QNBN01 c16:M1-1800,CR-01-01-01-01 | Cable Recovery of all sizes,27.4
FNE - Cable Recovery,FNE - Copper Cable Recovery Rate Card,T2Q2 - ACT1 - Civic,26 - 15002159664 - Cu 1200/0.40 CPIUT MB - QNBN01 c22:M1-1200,CR-01-01-01-01 | Cable Recovery of all sizes,127.8
FNE - Cable Recovery,FNE - Copper Cable Recovery Rate Card,T2Q2 - ACT1 - Civic,26 - 15002159660 - Cu 1200/0.40 PIUT UA - QNBN01 c20:M1-1200,CR-01-01-01-01 | Cable Recovery of all sizes,127.8
FNE - Cable Recovery,FNE - Copper Cable Recovery Rate Card,T2Q2 - ACT1 - Civic,27 - 2600965427 - Cu 1200/0.40 CPIUT MB - QNBN01 c4:M1-1200,CR-01-01-01-01 | Cable Recovery of all sizes,8.2
FNE - Cable Recovery,FNE - Copper Cable Recovery Rate Card,T2Q2 - ACT1 - Civic,27 - 2600965426 - Cu 1800/0.40 PIUT UA - QNBN01 c16:M1-1800,CR-01-01-01-01 | Cable Recovery of all sizes,8.2
FNE - Cable Recovery,FNE - Copper Cable Recovery Rate Card,T2Q2 - ACT1 - Civic,28 - 15033353972 - Cu 600/0.40 PIUT UA - QNBN01 c16:M1-600,CR-01-01-01-01 | Cable Recovery of all sizes,69.5
FNE - Cable Recovery,FNE - Copper Cable Recovery Rate Card,T2Q2 - ACT1 - Civic,28 - 15033353971 - Cu 400/0.40 PIUT UA - QNBN01 c16:M601-1000,CR-01-01-01-01 | Cable Recovery of all sizes,69.5
FNE - Cable Recovery,FNE - Copper Cable Recovery Rate Card,T2Q2 - ACT1 - Civic,29 - 15038234736 - Cu 400/0.40 PIUT UA - QNBN01 c16:M601-1000,CR-01-01-01-01 | Cable Recovery of all sizes,23.9
FNE - Cable Recovery,FNE - Copper Cable Recovery Rate Card,T2Q2 - ACT1 - Civic,29 - 15038234626 - Cu 600/0.40 PIUT UA - QNBN01 c16:M1-600,CR-01-01-01-01 | Cable Recovery of all sizes,23.9
FNE - Cable Recovery,FNE - Copper Cable Recovery Rate Card,T2Q2 - ACT1 - Civic,30 - 15038234737 - Cu 400/0.40 PIUT UA - QNBN01 c16:M601-1000,CR-01-01-01-01 | Cable Recovery of all sizes,22.5
FNE - Cable Recovery,FNE - Copper Cable Recovery Rate Card,T2Q2 - ACT1 - Civic,30 - 15038234627 - Cu 600/0.40 PIUT UA - QNBN01 c16:M1-600,CR-01-01-01-01 | Cable Recovery of all sizes,22.5
FNE - Cable Recovery,FNE - Copper Cable Recovery Rate Card,T2Q2 - ACT1 - Civic,32 - 6501552806 - Cu 1200/0.40 CPIUT MB - QNBN01 c22:M1-800,CR-01-01-01-01 | Cable Recovery of all sizes,31.1
FNE - Cable Recovery,FNE - Copper Cable Recovery Rate Card,T2Q2 - ACT1 - Civic,33 - 2600910231 - Cu 800/0.40 CPFUT MB - QNBN01 c22:M1-800,CR-01-01-01-01 | Cable Recovery of all sizes,28.4
FNE - Cable Recovery,FNE - Copper Cable Recovery Rate Card,T2Q2 - ACT1 - Civic,36 - 2600961050 - Cu 600/0.40 PIUT UA - QNBN01 c16:M1-600,CR-01-01-01-01 | Cable Recovery of all sizes,131
FNE - Cable Recovery,FNE - Copper Cable Recovery Rate Card,T2Q2 - ACT1 - Civic,36 - 2600961048 - Cu 400/0.40 PIUT UA - QNBN01 c16:M601-1000,CR-01-01-01-01 | Cable Recovery of all sizes,131
FNE - Cable Recovery,FNE - Copper Cable Recovery Rate Card,T2Q2 - ACT1 - Civic,38 - 15037925420 - Cu 1200/0.40 CPIUT MB - QNBN01 c22:M1-800,CR-01-01-01-01 | Cable Recovery of all sizes,60.6
FNE - Cable Recovery,FNE - Copper Cable Recovery Rate Card,T2Q2 - ACT1 - Civic,41 - 2600963351 - Cu 1200/0.40 CPIUT MB - QNBN01 c22:M1-1200,CR-01-01-01-01 | Cable Recovery of all sizes,60
FNE - Cable Recovery,FNE - Copper Cable Recovery Rate Card,T2Q2 - ACT1 - Civic,41 - 2600963350 - Cu 1200/0.40 PIUT UA - QNBN01 c20:M1-1200,CR-01-01-01-01 | Cable Recovery of all sizes,60
FNE - Cable Recovery,FNE - Copper Cable Recovery Rate Card,T2Q2 - ACT1 - Civic,42 - 2600963351 - Cu 1200/0.40 CPIUT MB - QNBN01 c22:M1-1200,CR-01-01-01-01 | Cable Recovery of all sizes,6.1
FNE - Cable Recovery,FNE - Copper Cable Recovery Rate Card,T2Q2 - ACT1 - Civic,42 - 2600963350 - Cu 1200/0.40 PIUT UA - QNBN01 c20:M1-1200,CR-01-01-01-01 | Cable Recovery of all sizes,6.1
FNE - Cable Recovery,FNE - Copper Cable Recovery Rate Card,T2Q2 - ACT1 - Civic,53 - 2600870119 - Cu 1200/0.40 CPFUT MB - QNBN01 c22:M801-1200,CR-01-01-01-01 | Cable Recovery of all sizes,139.8
FNE - Cable Recovery,FNE - Copper Cable Recovery Rate Card,T2Q2 - ACT1 - Civic,53 - 2600870116 - Cu 1200/0.40 CPIUT MB - QNBN01 c20:M1-1200,CR-01-01-01-01 | Cable Recovery of all sizes,139.8
FNE - Cable Recovery,FNE - Copper Cable Recovery Rate Card,T2Q2 - ACT1 - Civic,54 - 2600870149 - Cu 1200/0.40 CPFUT MB - QNBN01 c22:M801-1200,CR-01-01-01-01 | Cable Recovery of all sizes,27.2
FNE - Cable Recovery,FNE - Copper Cable Recovery Rate Card,T2Q2 - ACT1 - Civic,54 - 2600870146 - Cu 1200/0.40 CPIUT MB - QNBN01 c20:M1-1200,CR-01-01-01-01 | Cable Recovery of all sizes,27.2
FNE - Cable Recovery,FNE - Copper Cable Recovery Rate Card,T2Q2 - ACT1 - Civic,55 - 2600870174 - Cu 1200/0.40 CPIUT MB - QNBN01 c22:M1-1200,CR-01-01-01-01 | Cable Recovery of all sizes,83.7
FNE - Cable Recovery,FNE - Copper Cable Recovery Rate Card,T2Q2 - ACT1 - Civic,55 - 2600870175 - Cu 1200/0.40 CPIUT MB - QNBN01 c20:M1-1200,CR-01-01-01-01 | Cable Recovery of all sizes,83.7
FNE - Cable Recovery,FNE - Copper Cable Recovery Rate Card,T2Q2 - ACT1 - Civic,56 - 2600870194 - Cu 1200/0.40 CPIUT MB - QNBN01 c22:M1-1200,CR-01-01-01-01 | Cable Recovery of all sizes,127
FNE - Cable Recovery,FNE - Copper Cable Recovery Rate Card,T2Q2 - ACT1 - Civic,56 - 2600870195 - Cu 1200/0.40 CPIUT MB - QNBN01 c20:M1-1200,CR-01-01-01-01 | Cable Recovery of all sizes,127
FNE - Cable Recovery,FNE - Copper Cable Recovery Rate Card,T2Q2 - ACT1 - Civic,57 - 6501552913 - Cu 800/0.40 CPFUT MB - QNBN01 c22:M1-800,CR-01-01-01-01 | Cable Recovery of all sizes,232.7
FNE - Cable Recovery,FNE - Copper Cable Recovery Rate Card,T2Q2 - ACT1 - Civic,60 - 15047662670 - Cu 1200/0.40 CPFUT MB - QNBN01 c22:M801-1200,CR-01-01-01-01 | Cable Recovery of all sizes,94.2
FNE - Cable Recovery,FNE - Copper Cable Recovery Rate Card,T2Q2 - ACT1 - Civic,60 - 15047662669 - Cu 1200/0.40 CPIUT MB - QNBN01 c20:M1-1200,CR-01-01-01-01 | Cable Recovery of all sizes,94.2
FNE - Cable Recovery,FNE - Copper Cable Recovery Rate Card,T2Q2 - ACT1 - Civic,62 - 0 - Cu 1200/0.40 CPIUT MB - QNBN01 c22:M1-1200,CR-01-01-01-01 | Cable Recovery of all sizes,12.2
FNE - Cable Recovery,FNE - Copper Cable Recovery Rate Card,T2Q2 - ACT1 - Civic,62 - 0 - Cu 1200/0.40 PIUT UA - QNBN01 c20:M1-1200,CR-01-01-01-01 | Cable Recovery of all sizes,12.2
FNE - Cable Recovery,FNE - Copper Cable Recovery Rate Card,T2Q2 - ACT1 - Civic,63 - 0 - Cu 1200/0.40 PIUT UA - QNBN01 c20:M1-1200,CR-01-01-01-01 | Cable Recovery of all sizes,11.6
FNE - Cable Recovery,FNE - Copper Cable Recovery Rate Card,T2Q2 - ACT1 - Civic,63 - 0 - Cu 1200/0.40 CPIUT MB - QNBN01 c22:M1-1200,CR-01-01-01-01 | Cable Recovery of all sizes,11.6
FNE - Cable Recovery,FNE - Copper Cable Recovery Rate Card,T2Q2 - ACT1 - Civic,63 - 0 - Cu 1400/0.40 PIUT UA - QNBN01 c4:M1-1400,CR-01-01-01-01 | Cable Recovery of all sizes,11.6
FNE - Cable Recovery,FNE - Copper Cable Recovery Rate Card,T2Q2 - ACT1 - Civic,63 - 0 - Cu 1800/0.40 PIUT UA - QNBN01 c16:M1-1800,CR-01-01-01-01 | Cable Recovery of all sizes,11.6
FNE - Cable Recovery,FNE - Copper Cable Recovery Rate Card,T2Q2 - ACT1 - Civic,1 - 2600603780 - Cu 1500/0.40 PIUT UA - TRAL01 c2:M1-1500,CR-01-01-01-01 | Cable Recovery of all sizes,103.5
FNE - Cable Recovery,FNE - Copper Cable Recovery Rate Card,T2Q2 - ACT1 - Civic,2 - 2201231096 - Cu 800/0.40 CPFUT PE - TRAL01 c2:M901-1500,CR-01-01-01-01 | Cable Recovery of all sizes,62.1
FNE - Cable Recovery,FNE - Copper Cable Recovery Rate Card,T2Q2 - ACT1 - Civic,3 - 2201231101 - Cu 800/0.40 CPFUT PE - TRAL01 c2:M901-1500,CR-01-01-01-01 | Cable Recovery of all sizes,124.5
FNE - Cable Recovery,FNE - Copper Cable Recovery Rate Card,T2Q2 - ACT1 - Civic,4 - 2600604135 - Cu 1500/0.40 PIUT UA - TRAL01 c2:M1-1500,CR-01-01-01-01 | Cable Recovery of all sizes,4.6
FNE - Cable Recovery,FNE - Copper Cable Recovery Rate Card,T2Q2 - ACT1 - Civic,5 - 2600604260 - Cu 1500/0.40 PIUT UA - TRAL01 c2:M1-1500,CR-01-01-01-01 | Cable Recovery of all sizes,129.1
FNE - Cable Recovery,FNE - Copper Cable Recovery Rate Card,T2Q2 - ACT1 - Civic,6 - 2600604266 - Cu 1000/0.40 CPIUT MB - TRAL UNK:-1-100 TRAL01 c2:M1-900,CR-01-01-01-01 | Cable Recovery of all sizes,215.4
FNE - Cable Recovery,FNE - Copper Cable Recovery Rate Card,T2Q2 - ACT1 - Civic,7 - 2600604271 - Cu 600/0.40 CPIUT MB - TRAL01 c2:M1-600,CR-01-01-01-01 | Cable Recovery of all sizes,157.6
FNE - Cable Recovery,FNE - Copper Cable Recovery Rate Card,T2Q2 - ACT1 - Civic,8 - 2600604698 - Cu 1500/0.40 PIUT UA - TRAL01 c2:M1-1500,CR-01-01-01-01 | Cable Recovery of all sizes,182.4
FNE - Cable Recovery,FNE - Copper Cable Recovery Rate Card,T2Q2 - ACT1 - Civic,9 - 2600622343 - Cu 1500/0.40 PIUT UA - TRAL01 c2:M1-1500,CR-01-01-01-01 | Cable Recovery of all sizes,181.7
FNE - Cable Recovery,FNE - Copper Cable Recovery Rate Card,T2Q2 - ACT1 - Civic,10 - 2600622369 - Cu 1500/0.40 PIUT UA - TRAL01 c2:M1-1500,CR-01-01-01-01 | Cable Recovery of all sizes,58.4
FNE - Cable Recovery,FNE - Copper Cable Recovery Rate Card,T2Q2 - ACT1 - Civic,11 - 6500310438 - Cu 800/0.40 CPFUT PE - TRAL01 c2:M901-1500,CR-01-01-01-01 | Cable Recovery of all sizes,161.7
FNE - Cable Recovery,FNE - Copper Cable Recovery Rate Card,T2Q2 - ACT1 - Civic,12 - 6501541369 - Cu 600/0.40 CPIUT MB - TRAL01 c2:M1-600,CR-01-01-01-01 | Cable Recovery of all sizes,133.6
FNE - Cable Recovery,FNE - Copper Cable Recovery Rate Card,T2Q2 - ACT1 - Civic,13 - 6501541374 - Cu 600/0.40 CPIUT MB - TRAL01 c2:M1-600,CR-01-01-01-01 | Cable Recovery of all sizes,29.4
FNE - Cable Recovery,FNE - Copper Cable Recovery Rate Card,T2Q2 - ACT1 - Civic,19 - 6502619817 - Cu 1500/0.40 PIUT UA - TRAL01 c2:M1-1500,CR-01-01-01-01 | Cable Recovery of all sizes,146.1
FNE - Cable Recovery,FNE - Copper Cable Recovery Rate Card,T2Q2 - ACT1 - Civic,20 - 15038685665 - Cu 600/0.40 CPIUT MB - TRAL01 c2:M1-600,CR-01-01-01-01 | Cable Recovery of all sizes,94
FNE - Cable Recovery,FNE - Copper Cable Recovery Rate Card,T2Q2 - ACT1 - Civic,21 - 15038685749 - Cu 1500/0.40 PIUT UA - TRAL01 c2:M1-1500,CR-01-01-01-01 | Cable Recovery of all sizes,70.1
FNE - Cable Recovery,FNE - Copper Cable Recovery Rate Card,T2Q2 - ACT1 - Civic,27 - 0 - Cu 1500/0.40 PIUT UA - TRAL01 c2:M1-1500,CR-01-01-01-01 | Cable Recovery of all sizes,4.1
